config_id,risk,lines,pucks,target_rtp,calculated_rtp,simulated_rtp,total_runs,hit_frequency,win_above_bet_frequency,bonus_frequency,max_win_multiplier,standard_deviation,variance,empty_hit_weight,outer_hit_weight,middle_hit_weight,center_hit_weight,bonus_rtp_contribution,base_game_rtp_contribution,bonus_rtp_share,puck_radius,fixed_launch_force,minimum_bounces,volatility,status,outer_multiplier,middle_multiplier,center_multiplier
low-5-1,low,5,1,0.9745,0.9745,0.97448708,1000000,0.63832097,0.63832097,0.0056329,21.7,1.11525887,1.24380234,0.36167903,0.35107654,0.22341234,0.0638321,0.04701963,0.92748038,0.04825,0.1,1250,3,LOW,PASS,1.21,1.63,2.17
low-5-2,low,5,2,0.9745,0.9745,0.97479347,1000000,0.87120401,0.4594719,0.00584795,21.7,0.9116457,0.83109789,0.35888158,0.35261513,0.22439145,0.06411184,0.048725,0.925775,0.05,0.1,1250,3,LOW,PASS,1.2,1.62,2.17
low-5-3,low,5,3,0.9745,0.9745,0.97453854,1000000,0.95349193,0.40422146,0.0060638,21.6,0.83968303,0.70506759,0.35961911,0.35220949,0.22413331,0.06403809,0.05043037,0.92406963,0.05175,0.1,1250,3,LOW,PASS,1.2,1.62,2.16
low-6-1,low,6,1,0.9745,0.9745,0.97308234,1000000,0.63878955,0.63878955,0.00554726,21.7,1.11061484,1.23346531,0.36121045,0.35133425,0.22357634,0.06387895,0.04633879,0.92816121,0.04755135,0.08333333333333333,1250,3,LOW,PASS,1.21,1.63,2.17
low-6-2,low,6,2,0.9745,0.9745,0.97452831,1000000,0.87044005,0.45813626,0.00575889,21.7,0.90888667,0.82607498,0.35994437,0.3520306,0.22401947,0.06400556,0.04801947,0.92648053,0.04927601,0.08333333333333333,1250,3,LOW,PASS,1.2,1.63,2.17
low-6-3,low,6,3,0.9745,0.9745,0.9742163,1000000,0.95368799,0.40481444,0.00597128,21.6,0.83523232,0.69761303,0.35911306,0.35248782,0.22431043,0.06408869,0.04970015,0.92479985,0.05100067,0.08333333333333333,1250,3,LOW,PASS,1.2,1.62,2.16
low-7-1,low,7,1,0.9745,0.9745,0.97329106,1000000,0.63918042,0.63918042,0.00547592,21.7,1.10672596,1.22484235,0.36081958,0.35154923,0.22371315,0.06391804,0.04577084,0.92872916,0.04696854,0.07142857142857142,1250,3,LOW,PASS,1.21,1.63,2.17
low-7-2,low,7,2,0.9745,0.9745,0.97443122,1000000,0.87073259,0.45860217,0.00568469,21.7,0.90516135,0.81931707,0.35953777,0.35225422,0.22416178,0.06404622,0.04743093,0.92706907,0.04867206,0.07142857142857142,1250,3,LOW,PASS,1.2,1.63,2.17
low-7-3,low,7,3,0.9745,0.9745,0.97330178,1000000,0.95385112,0.40530963,0.00589421,21.6,0.83149813,0.69138913,0.35869093,0.35271999,0.22445818,0.06413091,0.04909101,0.92540899,0.05037559,0.07142857142857142,1250,3,LOW,PASS,1.2,1.62,2.16
low-8-1,low,8,1,0.9745,0.9745,0.97394629,1000000,0.63951514,0.63951514,0.0054149,21.7,1.10338491,1.21745827,0.36048486,0.35173333,0.2238303,0.06395151,0.0452845,0.9292155,0.04646947,0.0625,1250,3,LOW,PASS,1.21,1.63,2.17
low-8-2,low,8,2,0.9745,0.9745,0.97296504,1000000,0.86923442,0.45604082,0.00562123,21.7,0.90331238,0.81597325,0.36161524,0.35111162,0.22343467,0.06383848,0.04692694,0.92757306,0.04815489,0.0625,1250,3,LOW,PASS,1.21,1.63,2.17
low-8-3,low,8,3,0.9745,0.9745,0.97431359,1000000,0.95381912,0.40516764,0.0058283,21.7,0.82885854,0.68700648,0.35877381,0.3526744,0.22442917,0.06412262,0.04856938,0.92593062,0.04984031,0.0625,1250,3,LOW,PASS,1.2,1.62,2.17
low-9-1,low,9,1,0.9745,0.9745,0.97343511,1000000,0.63980743,0.63980743,0.00536167,21.7,1.10045909,1.2110102,0.36019257,0.35189409,0.2239326,0.06398074,0.0448598,0.9296402,0.04603366,0.05555555555555555,1250,3,LOW,PASS,1.21,1.63,2.17
low-9-2,low,9,2,0.9745,0.9745,0.97398961,1000000,0.86945339,0.45638701,0.00556587,21.7,0.90050425,0.8109079,0.36131235,0.35127821,0.22354068,0.06386877,0.04648684,0.92801316,0.04770328,0.05555555555555555,1250,3,LOW,PASS,1.21,1.63,2.17
low-9-3,low,9,3,0.9745,0.9745,0.97481113,1000000,0.95334027,0.40356282,0.0057708,21.7,0.82727482,0.68438362,0.36000959,0.35199473,0.22399664,0.06399904,0.04811388,0.92638612,0.04937289,0.05555555555555555,1250,3,LOW,PASS,1.2,1.63,2.17
low-10-1,low,10,1,0.9745,0.9745,0.97392264,1000000,0.63962636,0.63962636,0.00531451,21.8,1.09911677,1.20805767,0.36037364,0.3517945,0.22386923,0.06396264,0.04448328,0.93001672,0.04564728,0.05,1250,3,LOW,PASS,1.21,1.63,2.18
low-10-2,low,10,2,0.9745,0.9745,0.97576039,1000000,0.86964737,0.45669408,0.00551684,21.7,0.89800636,0.80641543,0.36104381,0.3514259,0.22363467,0.06389562,0.04609666,0.92840334,0.04730288,0.05,1250,3,LOW,PASS,1.21,1.63,2.17
low-10-3,low,10,3,0.9745,0.9745,0.97528978,1000000,0.95344866,0.40388954,0.00571987,21.7,0.8247673,0.68024111,0.3597306,0.35214817,0.22409429,0.06402694,0.04771004,0.92678996,0.04895848,0.05,1250,3,LOW,PASS,1.2,1.63,2.17
normal-5-1,normal,5,1,0.9745,0.9745,0.9748111,1000000,0.42000308,0.42000308,0.00929538,44.8,1.92483457,3.70498814,0.57999692,0.20160148,0.15540114,0.06300046,0.0752314,0.8992686,0.0772,0.1,1250,3,MEDIUM,PASS,1.28,2.31,4.48
normal-5-2,normal,5,2,0.9745,0.9745,0.97272233,1000000,0.66330775,0.4317496,0.00966184,44.7,1.48121338,2.19399309,0.58025188,0.2014791,0.1553068,0.06296222,0.07796,0.89654,0.08,0.1,1250,3,MEDIUM,PASS,1.28,2.3,4.47
normal-5-3,normal,5,3,0.9745,0.9745,0.97525283,1000000,0.80533077,0.37872565,0.01003053,44.6,1.30515789,1.70343711,0.57956094,0.20181075,0.15556245,0.06306586,0.0806886,0.8938114,0.0828,0.1,1250,3,MEDIUM,PASS,1.27,2.29,4.46
normal-6-1,normal,6,1,0.9745,0.9745,0.97405769,1000000,0.42021747,0.42021747,0.0091497,44.9,1.91915668,3.68316236,0.57978253,0.20170438,0.15548046,0.06303262,0.07414206,0.90035794,0.07608215,0.08333333333333333,1250,3,MEDIUM,PASS,1.28,2.31,4.49
normal-6-2,normal,6,2,0.9745,0.9745,0.97523741,1000000,0.66357875,0.4319495,0.00950996,44.8,1.47599982,2.17857546,0.58001832,0.20159121,0.15539322,0.06299725,0.07683115,0.89766885,0.07884161,0.08333333333333333,1250,3,MEDIUM,PASS,1.28,2.3,4.48
normal-6-3,normal,6,3,0.9745,0.9745,0.97490476,1000000,0.80419295,0.3773309,0.00987238,44.6,1.29969015,1.68919447,0.58068789,0.20126981,0.15514548,0.06289682,0.07952024,0.89497976,0.08160107,0.08333333333333333,1250,3,MEDIUM,PASS,1.28,2.3,4.46
normal-7-1,normal,7,1,0.9745,0.9745,0.97713151,1000000,0.42064158,0.42064158,0.00902845,44.9,1.91275407,3.65862813,0.57935842,0.20190796,0.15563738,0.06309624,0.07323335,0.90126665,0.07514967,0.07142857142857142,1250,3,MEDIUM,PASS,1.28,2.31,4.49
normal-7-2,normal,7,2,0.9745,0.9745,0.97409556,1000000,0.66408963,0.43236395,0.00938356,44.8,1.47054049,2.16248932,0.57957775,0.20180268,0.15555623,0.06306334,0.07588948,0.89861052,0.0778753,0.07142857142857142,1250,3,MEDIUM,PASS,1.28,2.3,4.48
normal-7-3,normal,7,3,0.9745,0.9745,0.97554044,1000000,0.80435662,0.37746462,0.00974078,44.7,1.29552255,1.67837869,0.58052606,0.20134749,0.15520536,0.06292109,0.07854561,0.89595439,0.08060094,0.07142857142857142,1250,3,MEDIUM,PASS,1.28,2.3,4.47
normal-8-1,normal,8,1,0.9745,0.9745,0.97355328,1000000,0.41977049,0.41977049,0.00892481,45,1.90907984,3.64458582,0.58022951,0.20148983,0.15531508,0.06296557,0.0724552,0.9020448,0.07435115,0.0625,1250,3,MEDIUM,PASS,1.29,2.31,4.5
normal-8-2,normal,8,2,0.9745,0.9745,0.97591801,1000000,0.66334273,0.43168966,0.00927553,44.9,1.46811296,2.15535567,0.58022174,0.20149356,0.15531796,0.06296674,0.07508311,0.89941689,0.07704783,0.0625,1250,3,MEDIUM,PASS,1.28,2.31,4.49
normal-8-3,normal,8,3,0.9745,0.9745,0.97550744,1000000,0.80475141,0.37787607,0.0096283,44.7,1.29108124,1.66689076,0.58013531,0.20153505,0.15534993,0.0629797,0.07771102,0.89678898,0.0797445,0.0625,1250,3,MEDIUM,PASS,1.28,2.3,4.47
normal-9-1,normal,9,1,0.9745,0.9745,0.9724122,1000000,0.41936464,0.41936464,0.00883445,45,1.90573189,3.63181402,0.58063536,0.20129503,0.15516492,0.0629047,0.07177568,0.90272432,0.07365386,0.05555555555555555,1250,3,MEDIUM,PASS,1.29,2.32,4.5
normal-9-2,normal,9,2,0.9745,0.9745,0.97452907,1000000,0.663724,0.43199885,0.00918135,44.9,1.46399734,2.1432882,0.5798931,0.20165131,0.15543955,0.06301604,0.07437895,0.90012105,0.07632524,0.05555555555555555,1250,3,MEDIUM,PASS,1.28,2.31,4.49
normal-9-3,normal,9,3,0.9745,0.9745,0.97482165,1000000,0.80479818,0.37788834,0.00953026,44.8,1.28817962,1.65940673,0.58008899,0.20155728,0.15536707,0.06298665,0.07698221,0.89751779,0.07899662,0.05555555555555555,1250,3,MEDIUM,PASS,1.28,2.3,4.48
normal-10-1,normal,10,1,0.9745,0.9745,0.97494812,1000000,0.4196445,0.4196445,0.00875446,45,1.90144787,3.61550401,0.5803555,0.20142936,0.15526847,0.06294668,0.07117324,0.90332676,0.07303565,0.05,1250,3,MEDIUM,PASS,1.29,2.32,4.5
normal-10-2,normal,10,2,0.9745,0.9745,0.97270341,1000000,0.66406184,0.43227299,0.00909798,44.9,1.46033738,2.13258526,0.57960172,0.20179117,0.15554736,0.06305974,0.07375465,0.90074535,0.07568461,0.05,1250,3,MEDIUM,PASS,1.28,2.31,4.49
normal-10-3,normal,10,3,0.9745,0.9745,0.97478789,1000000,0.8051032,0.37820685,0.00944347,44.8,1.28471424,1.65049069,0.57978669,0.20170239,0.15547893,0.063032,0.07633607,0.89816393,0.07833357,0.05,1250,3,MEDIUM,PASS,1.28,2.3,4.48
high-5-1,high,5,1,0.9745,0.9745,0.97708888,1000000,0.2000012,0.1000006,0.01735589,196.5,6.1242279,37.50616741,0.7999988,0.1000006,0.06400038,0.03600022,0.13165495,0.84284505,0.1351,0.1,1250,3,HIGH,PASS,0.1,1.96,19.65
high-5-2,high,5,2,0.9745,0.9745,0.97748868,1000000,0.3599351,0.08943099,0.01808786,195.4,4.42117301,19.54677081,0.80004056,0.09997972,0.06398702,0.0359927,0.13643,0.83807,0.14,0.1,1250,3,HIGH,PASS,0.1,1.95,19.54
high-5-3,high,5,3,0.9745,0.9745,0.97353635,1000000,0.48800689,0.11842922,0.01882821,194.2,3.68356915,13.56868168,0.79999641,0.10000179,0.06400115,0.03600065,0.14120505,0.83329495,0.1449,0.1,1250,3,HIGH,PASS,0.1,1.94,19.42
high-6-1,high,6,1,0.9745,0.9745,0.9686941,1000000,0.19996009,0.09998005,0.01706598,196.9,6.10339207,37.25139476,0.80003991,0.09998005,0.06398723,0.03599282,0.1297486,0.8447514,0.13314377,0.08333333333333333,1250,3,HIGH,PASS,0.1,1.97,19.69
high-6-2,high,6,2,0.9745,0.9745,0.9769242,1000000,0.35989546,0.08938693,0.01778403,195.8,4.40558974,19.40922097,0.80006534,0.09996733,0.06397909,0.03598824,0.13445451,0.84004549,0.13797282,0.08333333333333333,1250,3,HIGH,PASS,0.1,1.96,19.58
high-6-3,high,6,3,0.9745,0.9745,0.97401438,1000000,0.48782518,0.11832061,0.01851016,194.7,3.67120547,13.47774962,0.80009104,0.09995448,0.06397087,0.03598361,0.13916042,0.83533958,0.14280187,0.08333333333333333,1250,3,HIGH,PASS,0.1,1.95,19.47
high-7-1,high,7,1,0.9745,0.9745,0.98008384,1000000,0.19999566,0.09999783,0.01682514,197.3,6.08857833,37.07078605,0.80000434,0.09999783,0.06399861,0.03599922,0.12815836,0.84634164,0.13151192,0.07142857142857142,1250,3,HIGH,PASS,0.1,1.97,19.73
high-7-2,high,7,2,0.9745,0.9745,0.97072109,1000000,0.35997468,0.08938697,0.01753167,196.2,4.39439712,19.31072609,0.80001582,0.09999209,0.06399494,0.03599715,0.13280659,0.84169341,0.13628178,0.07142857142857142,1250,3,HIGH,PASS,0.1,1.96,19.62
high-7-3,high,7,3,0.9745,0.9745,0.97127319,1000000,0.48794733,0.11831882,0.01824604,195.1,3.66149351,13.40653474,0.80002743,0.09998628,0.06399122,0.03599506,0.13745482,0.83704518,0.14105164,0.07142857142857142,1250,3,HIGH,PASS,0.1,1.95,19.51
high-8-1,high,8,1,0.9745,0.9745,0.97646092,1000000,0.19991119,0.09995559,0.01661962,197.6,6.07322875,36.8841075,0.80008881,0.09995559,0.06397158,0.03598401,0.1267966,0.8477034,0.13011452,0.0625,1250,3,HIGH,PASS,0.1,1.98,19.76
high-8-2,high,8,2,0.9745,0.9745,0.97784799,1000000,0.35985756,0.08932667,0.01731635,196.5,4.38292378,19.21002086,0.80008902,0.09995549,0.06397151,0.03598398,0.13139544,0.84310456,0.1348337,0.0625,1250,3,HIGH,PASS,0.1,1.97,19.65
high-8-3,high,8,3,0.9745,0.9745,0.96870793,1000000,0.48795683,0.11828663,0.01802072,195.5,3.65369358,13.3494768,0.80002248,0.09998876,0.06399281,0.03599595,0.13599428,0.83850572,0.13955287,0.0625,1250,3,HIGH,PASS,0.1,1.95,19.55
high-9-1,high,9,1,0.9745,0.9745,0.97590194,1000000,0.19993701,0.0999685,0.01644069,197.9,6.06199787,36.74781814,0.80006299,0.0999685,0.06397984,0.03598866,0.12560745,0.84889255,0.12889425,0.05555555555555555,1250,3,HIGH,PASS,0.1,1.98,19.79
high-9-2,high,9,2,0.9745,0.9745,0.97348363,1000000,0.35991544,0.08932639,0.01712891,196.8,4.37443625,19.1356925,0.80005285,0.09997358,0.06398309,0.03599049,0.13016316,0.84433684,0.13356917,0.05555555555555555,1250,3,HIGH,PASS,0.1,1.97,19.68
high-9-3,high,9,3,0.9745,0.9745,0.97505714,1000000,0.48775371,0.11819023,0.0178246,195.8,3.64528481,13.28810137,0.80012825,0.09993587,0.06395896,0.03597691,0.13471887,0.83978113,0.13824409,0.05555555555555555,1250,3,HIGH,PASS,0.1,1.96,19.58
high-10-1,high,10,1,0.9745,0.9745,0.97319922,1000000,0.20001573,0.10000786,0.01628248,198.1,6.05081272,36.61233461,0.79998427,0.10000786,0.06400503,0.03600283,0.12455317,0.84994683,0.12781239,0.05,1250,3,HIGH,PASS,0.1,1.98,19.81
high-10-2,high,10,2,0.9745,0.9745,0.97150783,1000000,0.35992029,0.089311,0.01696319,197.1,4.36728667,19.07319282,0.80004982,0.09997509,0.06398406,0.03599103,0.12907064,0.84542936,0.13244807,0.05,1250,3,HIGH,PASS,0.1,1.97,19.71
high-10-3,high,10,3,0.9745,0.9745,0.97717205,1000000,0.4879415,0.11822385,0.01765122,196,3.63803639,13.23530876,0.80003047,0.09998477,0.06399025,0.03599452,0.13358812,0.84091188,0.13708375,0.05,1250,3,HIGH,PASS,0.1,1.96,19.6
