layout_mode,risk,lines,pucks,calculated_rtp,simulated_rtp,hit_frequency,win_above_bet_frequency,bonus_frequency,multi_plus_frequency,base_bonus_frequency,bonus_frequency_multiplier,baseline_paid_bonus_win_frequency,paid_bonus_win_frequency,paid_bonus_win_frequency_multiplier,one_of_two_star_probability,two_of_three_star_probability,base_game_rtp_contribution,bonus_rtp_contribution,bonus_rtp_share,max_win,variance,standard_deviation,terminal_x_hit_probability,terminal_empty_probability,terminal_center_probability,multiplier_cell_count,multiplier_cell_density,empty_cell_count,empty_cell_density,visible_multiplier_density,center_zone_cell_count,middle_zone_cell_count,outer_zone_cell_count,average_visible_multiplier_value,max_visible_multiplier_value,multi_plus_extra_cell_count,visible_multiplier_density_with_multi_plus,pocket_hit_probability_per_puck,pocket_round_probability,first_generation_repocket_probability,second_generation_repocket_probability,expected_terminal_balls_per_initial_ball,status
current,low,5,1,0.9745,0.94886,0.67871667,0.4024,0.025,0.06,0.0056329,2.5,0.00442287,0.01696792,3.83640725,0.85,0.85,0.7955102041,0.1789897959,0.18367347,618.3,3.43115597,1.85233797,0.65905827,0.34094173,0.0732286971,9,0.36,16,0.64,0.36,1,4,4,1.085556,2.29,4,0.52,0.045,0.045,0.035,0.006,1.0996201,PASS
current,low,5,2,0.9745,0.9530265,0.89622449,0.28336667,0.025,0.06,0.00584795,2.5,0.00557032,0.02240561,4.02231688,0.85,0.85,0.7955102041,0.1789897959,0.18367347,618.3,2.34241098,1.5304937,0.65905827,0.34094173,0.0732286971,9,0.36,16,0.64,0.36,1,4,4,1.085556,2.29,4,0.52,0.045,0.087975,0.035,0.006,1.0996201,PASS
current,low,5,3,0.9745,0.96723433,0.96635175,0.3162,0.025,0.06,0.0060638,2.5,0.0059989,0.02415879,4.02720448,0.85,0.85,0.7955102041,0.1789897959,0.18367347,618.3,1.97949598,1.40694562,0.65905827,0.34094173,0.0732286971,9,0.36,16,0.64,0.36,1,4,4,1.085556,2.29,4,0.52,0.045,0.12901613,0.035,0.006,1.0996201,PASS
current,low,6,1,0.9745,0.958904,0.49512519,0.31033333,0.025,0.052,0.00672385,2.5,0.00382129,0.01237813,3.23925661,0.85,0.85,0.7955102041,0.1789897959,0.18367347,842.4,5.2716847,2.29601496,0.47528887,0.52471113,0.0950577733,20,0.55555556,16,0.44444444,0.55555556,4,8,8,1.52,3.12,8,0.77777778,0.042,0.042,0.035,0.006,1.09297876,PASS
current,low,6,2,0.9745,0.955954,0.74488898,0.33023333,0.025,0.052,0.00698305,2.5,0.00567263,0.01862222,3.2828174,0.85,0.85,0.7955102041,0.1789897959,0.18367347,842.4,3.26167312,1.80601028,0.47528887,0.52471113,0.0950577733,20,0.55555556,16,0.44444444,0.55555556,4,8,8,1.52,3.12,8,0.77777778,0.042,0.082236,0.035,0.006,1.09297876,PASS
current,low,6,3,0.9745,0.982788,0.87099884,0.39233333,0.025,0.052,0.00724339,2.5,0.00664853,0.02177497,3.27515455,0.85,0.85,0.7955102041,0.1789897959,0.18367347,842.4,2.59166926,1.60986622,0.47528887,0.52471113,0.0950577733,20,0.55555556,16,0.44444444,0.55555556,4,8,8,1.52,3.12,8,0.77777778,0.042,0.12078209,0.035,0.006,1.09297876,PASS
current,normal,7,1,0.9745,0.974571,0.33473272,0.3344,0.025,0.044,0.00782046,2.5,0.00298295,0.00836832,2.805379,0.85,0.85,0.7955102041,0.1789897959,0.18367347,1579.5,7.68633636,2.77242427,0.31711775,0.68288225,0.0243936731,13,0.26530612,36,0.73469388,0.26530612,1,8,4,2.29,5.85,12,0.51020408,0.038,0.038,0.035,0.006,1.08412364,PASS
current,normal,7,2,0.9745,0.9548955,0.55721126,0.42613333,0.025,0.044,0.00812484,2.5,0.0050044,0.01393028,2.78360681,0.85,0.85,0.7955102041,0.1789897959,0.18367347,1579.5,4.47044723,2.11434321,0.31711775,0.68288225,0.0243936731,13,0.26530612,36,0.73469388,0.26530612,1,8,4,2.29,5.85,12,0.51020408,0.038,0.074556,0.035,0.006,1.08412364,PASS
current,normal,7,3,0.9745,0.96728667,0.7051635,0.2993,0.025,0.044,0.00843079,2.5,0.00641308,0.01762909,2.74892803,0.85,0.85,0.7955102041,0.1789897959,0.18367347,1579.5,3.39848419,1.84349781,0.31711775,0.68288225,0.0243936731,13,0.26530612,36,0.73469388,0.26530612,1,8,4,2.29,5.85,12,0.51020408,0.038,0.10972287,0.035,0.006,1.08412364,PASS
current,normal,8,1,0.9745,0.980616,0.22516745,0.22696667,0.025,0.036,0.00892481,2.5,0.0022725,0.00562919,2.47708998,0.85,0.85,0.7955102041,0.1789897959,0.18367347,2457,13.81613704,3.71700646,0.21313633,0.78686367,0.0304480469,28,0.4375,36,0.5625,0.4375,4,16,8,3.454286,9.1,12,0.625,0.034,0.034,0.035,0.006,1.07526852,PASS
current,normal,8,2,0.9745,0.973908,0.39959714,0.30656667,0.025,0.036,0.00927553,2.5,0.00411176,0.00998993,2.42960069,0.85,0.85,0.7955102041,0.1789897959,0.18367347,2457,7.53349044,2.74472047,0.21313633,0.78686367,0.0304480469,28,0.4375,36,0.5625,0.4375,4,16,8,3.454286,9.1,12,0.625,0.034,0.066844,0.035,0.006,1.07526852,PASS
current,normal,8,3,0.9745,1.03063133,0.53473154,0.41476667,0.025,0.036,0.0096283,2.5,0.00561677,0.01336829,2.38006768,0.85,0.85,0.7955102041,0.1789897959,0.18367347,2457,5.43927491,2.33222531,0.21313633,0.78686367,0.0304480469,28,0.4375,36,0.5625,0.4375,4,16,8,3.454286,9.1,12,0.625,0.034,0.0985713,0.035,0.006,1.07526852,PASS
current,high,9,1,0.9745,1.085669,0.15399486,0.15396667,0.02816757,0.03,0.01126703,2.5,0.00197106,0.00433766,2.20067792,0.85,0.85,0.777418179,0.197081821,0.20223891,5054.4,21.98330286,4.6886355,0.14578928,0.85421072,0.0085758397,17,0.20987654,64,0.79012346,0.20987654,1,12,4,4.976471,18.72,8,0.30864198,0.03,0.03,0.035,0.006,1.0664134,PASS
current,high,9,2,0.9745,0.9452045,0.28218823,0.22526667,0.02929694,0.03,0.01171878,2.5,0.003729,0.00826725,2.21701634,0.85,0.85,0.7711650219,0.2033349781,0.2086557,5054.4,11.91902878,3.45239464,0.14461662,0.85538338,0.00850686,17,0.20987654,64,0.79012346,0.20987654,1,12,4,4.976471,18.72,8,0.30864198,0.03,0.0591,0.035,0.006,1.0664134,PASS
current,high,9,3,0.9745,0.99054467,0.3892083,0.3193,0.03043468,0.03,0.01217387,2.5,0.00530432,0.01184543,2.23316539,0.85,0.85,0.7649664256,0.2095335744,0.2150165,5054.4,8.58201035,2.92950684,0.1434542,0.8565458,0.0084384822,17,0.20987654,64,0.79012346,0.20987654,1,12,4,4.976471,18.72,8,0.30864198,0.03,0.087327,0.035,0.006,1.0664134,PASS
current,high,10,1,0.9745,0.899814,0.08860824,0.0874,0.03417557,0.025,0.01367023,2.5,0.00140869,0.00302824,2.14967831,0.85,0.85,0.745269794,0.229230206,0.23522853,8424,53.36118804,7.30487427,0.08416451,0.91583549,0.0093516119,36,0.36,64,0.64,0.36,4,24,8,8.353333,31.2,12,0.48,0.026,0.026,0.035,0.006,1.05755828,PASS
current,high,10,2,0.9745,0.950121,0.16783305,0.1688,0.03557384,0.025,0.01422954,2.5,0.00276986,0.00597047,2.1555124,0.85,0.85,0.7381655324,0.2363344676,0.24251869,8424,28.02643971,5.29400035,0.08336221,0.91663779,0.0092624679,36,0.36,64,0.64,0.36,4,24,8,8.353333,31.2,12,0.48,0.026,0.051324,0.035,0.006,1.05755828,PASS
current,high,10,3,0.9745,0.896279,0.23879275,0.1927,0.0369847,0.025,0.01479388,2.5,0.00408561,0.00883168,2.16165525,0.85,0.85,0.7311332667,0.2433667333,0.24973498,8424,19.59612216,4.42675075,0.08256805,0.91743195,0.0091742274,36,0.36,64,0.64,0.36,4,24,8,8.353333,31.2,12,0.48,0.026,0.07598958,0.035,0.006,1.05755828,PASS
dynamic_diagonal_width,low,5,1,0.9745,0.94201,0.50717132,0.51133333,0.025,0.06,0.0056329,2.5,0.00329851,0.01267928,3.84394806,0.85,0.85,0.7955102041,0.1789897959,0.18367347,540,3.92545418,1.9812759,0.48339343,0.51660657,0.1239063621,5,0.2,20,0.8,0.2,1,4,0,1.44,2,4,0.36,0.045,0.045,0.035,0.006,1.0996201,PASS
dynamic_diagonal_width,low,5,2,0.9745,0.97263,0.75650452,0.2915,0.025,0.06,0.00584795,2.5,0.00483395,0.01891261,3.91245872,0.85,0.85,0.7955102041,0.1789897959,0.18367347,540,2.58972012,1.60926074,0.48339343,0.51660657,0.1239063621,5,0.2,20,0.8,0.2,1,4,0,1.44,2,4,0.36,0.045,0.087975,0.035,0.006,1.0996201,PASS
dynamic_diagonal_width,low,5,3,0.9745,0.96863333,0.87944847,0.34353333,0.025,0.06,0.0060638,2.5,0.00562026,0.02198621,3.91195837,0.85,0.85,0.7955102041,0.1789897959,0.18367347,540,2.14447543,1.46440276,0.48339343,0.51660657,0.1239063621,5,0.2,20,0.8,0.2,1,4,0,1.44,2,4,0.36,0.045,0.12901613,0.035,0.006,1.0996201,PASS
dynamic_diagonal_width,low,6,1,0.9745,0.9486,0.37714712,0.37836667,0.025,0.052,0.00672385,2.5,0.00285847,0.00942868,3.29850395,0.85,0.85,0.7955102041,0.1789897959,0.18367347,810,5.91044969,2.43114164,0.35654425,0.64345575,0.1246014462,12,0.33333333,24,0.66666667,0.33333333,4,8,0,2,3,8,0.55555556,0.042,0.042,0.035,0.006,1.09297876,PASS
dynamic_diagonal_width,low,6,2,0.9745,0.978075,0.61174966,0.32873333,0.025,0.052,0.00698305,2.5,0.00466632,0.01529374,3.27747391,0.85,0.85,0.7955102041,0.1789897959,0.18367347,810,3.58136961,1.89245069,0.35654425,0.64345575,0.1246014462,12,0.33333333,24,0.66666667,0.33333333,4,8,0,2,3,8,0.55555556,0.042,0.082236,0.035,0.006,1.09297876,PASS
dynamic_diagonal_width,low,6,3,0.9745,0.9984,0.75781913,0.24043333,0.025,0.052,0.00724339,2.5,0.00585142,0.01894548,3.23775538,0.85,0.85,0.7955102041,0.1789897959,0.18367347,810,2.80500958,1.67481628,0.35654425,0.64345575,0.1246014462,12,0.33333333,24,0.66666667,0.33333333,4,8,0,2,3,8,0.55555556,0.042,0.12078209,0.035,0.006,1.09297876,PASS
dynamic_diagonal_width,normal,7,1,0.9745,0.94725,0.32130219,0.3179,0.025,0.044,0.00782046,2.5,0.00265492,0.00803255,3.02553002,0.85,0.85,0.7955102041,0.1789897959,0.18367347,1620,9.91266288,3.14843817,0.30426753,0.69573247,0.0607475944,21,0.42857143,28,0.57142857,0.42857143,9,12,0,3.428571,6,12,0.67346939,0.038,0.038,0.035,0.006,1.08412364,PASS
dynamic_diagonal_width,normal,7,2,0.9745,0.95895,0.53921005,0.20783333,0.025,0.044,0.00812484,2.5,0.00457475,0.01348025,2.94666328,0.85,0.85,0.7955102041,0.1789897959,0.18367347,1620,5.58177543,2.36257813,0.30426753,0.69573247,0.0607475944,21,0.42857143,28,0.57142857,0.42857143,9,12,0,3.428571,6,12,0.67346939,0.038,0.074556,0.035,0.006,1.08412364,PASS
dynamic_diagonal_width,normal,7,3,0.9745,0.97255,0.68705565,0.22016667,0.025,0.044,0.00843079,2.5,0.00599031,0.01717639,2.86736279,0.85,0.85,0.7955102041,0.1789897959,0.18367347,1620,4.13814629,2.03424342,0.30426753,0.69573247,0.0607475944,21,0.42857143,28,0.57142857,0.42857143,9,12,0,3.428571,6,12,0.67346939,0.038,0.10972287,0.035,0.006,1.08412364,PASS
dynamic_diagonal_width,normal,8,1,0.9745,1.0008,0.32113037,0.32096667,0.025,0.036,0.00892481,2.5,0.00323841,0.00802826,2.47907572,0.85,0.85,0.7955102041,0.1789897959,0.18367347,2430,6.17301968,2.48455623,0.30680951,0.69319049,4e-7,32,0.5,32,0.5,0.5,4,28,0,3.225,9,12,0.6875,0.034,0.034,0.035,0.006,1.07526852,PASS
dynamic_diagonal_width,normal,8,2,0.9745,0.95124,0.5390785,0.54136667,0.025,0.036,0.00927553,2.5,0.00549727,0.01347696,2.45157182,0.85,0.85,0.7955102041,0.1789897959,0.18367347,2430,3.71188928,1.9266264,0.30680951,0.69319049,4e-7,32,0.5,32,0.5,0.5,4,28,0,3.225,9,12,0.6875,0.034,0.066844,0.035,0.006,1.07526852,PASS
dynamic_diagonal_width,normal,8,3,0.9745,0.97976,0.68701846,0.27143333,0.025,0.036,0.0096283,2.5,0.00711247,0.01717546,2.414837,0.85,0.85,0.7955102041,0.1789897959,0.18367347,2430,2.89151248,1.70044479,0.30680951,0.69319049,4e-7,32,0.5,32,0.5,0.5,4,28,0,3.225,9,12,0.6875,0.034,0.0985713,0.035,0.006,1.07526852,PASS
dynamic_diagonal_width,high,9,1,0.9745,1.00096,0.23774723,0.24183333,0.02816757,0.03,0.01126703,2.5,0.0030407,0.00669676,2.20237801,0.85,0.85,0.777418179,0.197081821,0.20223891,4860,8.93123138,2.98851659,0.22699568,0.77300432,1e-7,45,0.55555556,36,0.44444444,0.55555556,1,44,0,3.528889,18,8,0.65432099,0.03,0.03,0.035,0.006,1.0664134,PASS
dynamic_diagonal_width,high,9,2,0.9745,0.96592,0.41608524,0.41726667,0.02929694,0.03,0.01171878,2.5,0.00545474,0.01219002,2.23475933,0.85,0.85,0.7711650219,0.2033349781,0.2086557,4860,5.25406564,2.29217487,0.22516983,0.77483017,1e-7,45,0.55555556,36,0.44444444,0.55555556,1,44,0,3.528889,18,8,0.65432099,0.03,0.0591,0.035,0.006,1.0664134,PASS
dynamic_diagonal_width,high,9,3,0.9745,0.95242667,0.55051526,0.5517,0.03043468,0.03,0.01217387,2.5,0.00739692,0.01675476,2.26509958,0.85,0.85,0.7649664256,0.2095335744,0.2150165,4860,4.04688309,2.01168663,0.22335992,0.77664008,1e-7,45,0.55555556,36,0.44444444,0.55555556,1,44,0,3.528889,18,8,0.65432099,0.03,0.087327,0.035,0.006,1.0664134,PASS
dynamic_diagonal_width,high,10,1,0.9745,0.98568,0.20363464,0.20306667,0.03417557,0.025,0.01367023,2.5,0.00323341,0.00695933,2.1523181,0.85,0.85,0.745269794,0.229230206,0.23522853,8100,11.23932463,3.3525102,0.1951638,0.8048362,4e-7,60,0.6,40,0.4,0.6,4,56,0,5.36,30,12,0.72,0.026,0.026,0.035,0.006,1.05755828,PASS
dynamic_diagonal_width,high,10,2,0.9745,0.98478,0.36273864,0.36123333,0.03557384,0.025,0.01422954,2.5,0.00591249,0.01290401,2.18249987,0.85,0.85,0.7381655324,0.2363344676,0.24251869,8100,6.50767147,2.55101381,0.19330338,0.80669662,4e-7,60,0.6,40,0.4,0.6,4,56,0,5.36,30,12,0.72,0.026,0.051324,0.035,0.006,1.05755828,PASS
dynamic_diagonal_width,high,10,3,0.9745,1.00092,0.48763845,0.48843333,0.0369847,0.025,0.01479388,2.5,0.00815588,0.01803516,2.21130841,0.85,0.85,0.7311332667,0.2433667333,0.24973498,8100,4.94814942,2.22444362,0.19146181,0.80853819,4e-7,60,0.6,40,0.4,0.6,4,56,0,5.36,30,12,0.72,0.026,0.07598958,0.035,0.006,1.05755828,PASS
plinko_zone_style,low,5,1,0.9745,0.988764,0.7168894,0.42376667,0.025,0.06,0.0056329,2.5,0.00467163,0.01792224,3.83640018,0.85,0.85,0.7955102041,0.1789897959,0.18367347,583.2,3.22291255,1.79524721,0.70465027,0.29534973,0.0782944745,9,0.36,16,0.64,0.36,1,4,4,1.026667,2.16,0,0.36,0.045,0.045,0.035,0.006,1.0996201,PASS
plinko_zone_style,low,5,2,0.9745,0.9616725,0.91984839,0.3055,0.025,0.06,0.00584795,2.5,0.00567474,0.02299621,4.05237885,0.85,0.85,0.7955102041,0.1789897959,0.18367347,583.2,2.23618454,1.49538776,0.70465027,0.29534973,0.0782944745,9,0.36,16,0.64,0.36,1,4,4,1.026667,2.16,0,0.36,0.045,0.087975,0.035,0.006,1.0996201,PASS
plinko_zone_style,low,5,3,0.9745,0.967284,0.97730823,0.26083333,0.025,0.06,0.0060638,2.5,0.0060321,0.02443271,4.0504446,0.85,0.85,0.7955102041,0.1789897959,0.18367347,583.2,1.90727521,1.38104135,0.70465027,0.29534973,0.0782944745,9,0.36,16,0.64,0.36,1,4,4,1.026667,2.16,0,0.36,0.045,0.12901613,0.035,0.006,1.0996201,PASS
plinko_zone_style,low,6,1,0.9745,0.956872,0.52431362,0.32113333,0.025,0.052,0.00672385,2.5,0.00404597,0.01310784,3.23972704,0.85,0.85,0.7955102041,0.1789897959,0.18367347,793.8,4.9555653,2.2261099,0.50826595,0.49173405,0.1016531896,20,0.55555556,16,0.44444444,0.55555556,4,8,8,1.432,2.94,0,0.55555556,0.042,0.042,0.035,0.006,1.09297876,PASS
plinko_zone_style,low,6,2,0.9745,0.9852935,0.77372247,0.35966667,0.025,0.052,0.00698305,2.5,0.00586841,0.01934306,3.29613486,0.85,0.85,0.7955102041,0.1789897959,0.18367347,793.8,3.10251092,1.76139459,0.50826595,0.49173405,0.1016531896,20,0.55555556,16,0.44444444,0.55555556,4,8,8,1.432,2.94,0,0.55555556,0.042,0.082236,0.035,0.006,1.09297876,PASS
plinko_zone_style,low,6,3,0.9745,0.98988867,0.89236286,0.29096667,0.025,0.052,0.00724339,2.5,0.00677707,0.02230907,3.2918447,0.85,0.85,0.7955102041,0.1789897959,0.18367347,793.8,2.48482612,1.57633313,0.50826595,0.49173405,0.1016531896,20,0.55555556,16,0.44444444,0.55555556,4,8,8,1.432,2.94,0,0.55555556,0.042,0.12078209,0.035,0.006,1.09297876,PASS
plinko_zone_style,normal,7,1,0.9745,0.967555,0.48404254,0.16206667,0.025,0.044,0.00782046,2.5,0.00430929,0.01210106,2.80813081,0.85,0.85,0.7955102041,0.1789897959,0.18367347,1487.7,6.19875002,2.48972891,0.46913466,0.53086534,0.0275961567,17,0.34693878,32,0.65306122,0.34693878,1,4,12,1.564118,5.51,0,0.34693878,0.038,0.038,0.035,0.006,1.08412364,PASS
plinko_zone_style,normal,7,2,0.9745,0.974429,0.7337879,0.29206667,0.025,0.044,0.00812484,2.5,0.00647721,0.0183447,2.8321908,0.85,0.85,0.7955102041,0.1789897959,0.18367347,1487.7,3.72410328,1.92979358,0.46913466,0.53086534,0.0275961567,17,0.34693878,32,0.65306122,0.34693878,1,4,12,1.564118,5.51,0,0.34693878,0.038,0.074556,0.035,0.006,1.08412364,PASS
plinko_zone_style,normal,7,3,0.9745,0.99639933,0.86264588,0.31036667,0.025,0.044,0.00843079,2.5,0.00765394,0.02156615,2.81765246,0.85,0.85,0.7955102041,0.1789897959,0.18367347,1487.7,2.89922103,1.70270991,0.46913466,0.53086534,0.0275961567,17,0.34693878,32,0.65306122,0.34693878,1,4,12,1.564118,5.51,0,0.34693878,0.038,0.10972287,0.035,0.006,1.08412364,PASS
plinko_zone_style,normal,8,1,0.9745,0.941887,0.29986484,0.29953333,0.025,0.036,0.00892481,2.5,0.00302444,0.00749662,2.47867798,0.85,0.85,0.7955102041,0.1789897959,0.18367347,2313.9,12.72890833,3.56775957,0.28731056,0.71268944,0.0359138201,32,0.5,32,0.5,0.5,4,8,20,2.575,8.57,0,0.5,0.034,0.034,0.035,0.006,1.07526852,PASS
plinko_zone_style,normal,8,2,0.9745,0.93084,0.50981076,0.26143333,0.025,0.036,0.00927553,2.5,0.00520961,0.01274527,2.44649197,0.85,0.85,0.7955102041,0.1789897959,0.18367347,2313.9,6.98918243,2.64370619,0.28731056,0.71268944,0.0359138201,32,0.5,32,0.5,0.5,4,8,20,2.575,8.57,0,0.5,0.034,0.066844,0.035,0.006,1.07526852,PASS
plinko_zone_style,normal,8,3,0.9745,0.998381,0.65680128,0.21433333,0.025,0.036,0.0096283,2.5,0.00682179,0.01642003,2.40699795,0.85,0.85,0.7955102041,0.1789897959,0.18367347,2313.9,5.07594047,2.25298479,0.28731056,0.71268944,0.0359138201,32,0.5,32,0.5,0.5,4,8,20,2.575,8.57,0,0.5,0.034,0.0985713,0.035,0.006,1.07526852,PASS
plinko_zone_style,high,9,1,0.9745,0.973188,0.27482494,0.27333333,0.02816757,0.03,0.01126703,2.5,0.00351387,0.00774115,2.20302576,0.85,0.85,0.777418179,0.197081821,0.20223891,4762.8,17.00702325,4.12395723,0.26413139,0.73586861,0.009107979,29,0.35802469,52,0.64197531,0.35802469,1,4,24,2.76,17.64,0,0.35802469,0.03,0.03,0.035,0.006,1.0664134,PASS
plinko_zone_style,high,9,2,0.9745,0.935056,0.47097859,0.16086667,0.02929694,0.03,0.01171878,2.5,0.00615162,0.01379823,2.24302387,0.85,0.85,0.7711650219,0.2033349781,0.2086557,4762.8,9.3772073,3.06222261,0.26200685,0.73799315,0.009034719,29,0.35802469,52,0.64197531,0.35802469,1,4,24,2.76,17.64,0,0.35802469,0.03,0.0591,0.035,0.006,1.0664134,PASS
plinko_zone_style,high,9,3,0.9745,0.99165733,0.61180756,0.27363333,0.03043468,0.03,0.01217387,2.5,0.00816824,0.01862017,2.27958244,0.85,0.85,0.7649664256,0.2095335744,0.2150165,4762.8,6.85196804,2.61762641,0.25990085,0.74009915,0.0089620983,29,0.35802469,52,0.64197531,0.35802469,1,4,24,2.76,17.64,0,0.35802469,0.03,0.087327,0.035,0.006,1.0664134,PASS
plinko_zone_style,high,10,1,0.9745,0.950697,0.14339774,0.1443,0.03417557,0.025,0.01367023,2.5,0.00227831,0.0049007,2.1510225,0.85,0.85,0.745269794,0.229230206,0.23522853,7938,51.65990089,7.18748224,0.13721396,0.86278604,0.0114344964,48,0.48,52,0.52,0.48,4,8,36,5.135833,29.4,0,0.48,0.026,0.026,0.035,0.006,1.05755828,PASS
plinko_zone_style,high,10,2,0.9745,0.9861815,0.26391461,0.26336667,0.03557384,0.025,0.01422954,2.5,0.00433039,0.00938846,2.16804126,0.85,0.85,0.7381655324,0.2363344676,0.24251869,7938,27.15703316,5.21124104,0.13590597,0.86409403,0.0113254974,48,0.48,52,0.52,0.48,4,8,36,5.135833,29.4,0,0.48,0.026,0.051324,0.035,0.006,1.05755828,PASS
plinko_zone_style,high,10,3,0.9745,0.9185,0.3655121,0.14166667,0.0369847,0.025,0.01479388,2.5,0.00618712,0.01351836,2.18491809,0.85,0.85,0.7311332667,0.2433667333,0.24973498,7938,19.00413013,4.35937268,0.13461124,0.86538876,0.011217603,48,0.48,52,0.52,0.48,4,8,36,5.135833,29.4,0,0.48,0.026,0.07598958,0.035,0.006,1.05755828,PASS
configurator_1,low,5,1,0.9745,0.981575,0.41418456,0.4159,0.025,0.06,0.0056329,2.5,0.00269064,0.01035461,3.84837902,0.85,0.85,0.7955102041,0.1789897959,0.18367347,648,4.78016062,2.18635784,0.39629754,0.60370246,0,9,0.36,16,0.64,0.36,0,1,8,1.822222,3,12,0.84,0.045,0.045,0.035,0.006,1.0996201,PASS
configurator_1,low,5,2,0.9745,0.9747525,0.65682026,0.25876667,0.025,0.06,0.00584795,2.5,0.00424737,0.01642051,3.86604394,0.85,0.85,0.7955102041,0.1789897959,0.18367347,648,3.01480858,1.73632041,0.39629754,0.60370246,0,9,0.36,16,0.64,0.36,0,1,8,1.822222,3,12,0.84,0.045,0.087975,0.035,0.006,1.0996201,PASS
configurator_1,low,5,3,0.9745,0.94772,0.79896,0.401,0.025,0.06,0.0060638,2.5,0.00519139,0.019974,3.84752392,0.85,0.85,0.7955102041,0.1789897959,0.18367347,648,2.4263579,1.55767708,0.39629754,0.60370246,0,9,0.36,16,0.64,0.36,0,1,8,1.822222,3,12,0.84,0.045,0.12901613,0.035,0.006,1.0996201,PASS
configurator_1,low,6,1,0.9745,0.973625,0.42341096,0.42526667,0.025,0.052,0.00672385,2.5,0.00326721,0.01058527,3.23985575,0.85,0.85,0.7955102041,0.1789897959,0.18367347,540,4.59386111,2.14332944,0.40751548,0.59248452,0,14,0.38888889,22,0.61111111,0.38888889,0,2,12,1.785714,3,12,0.72222222,0.042,0.042,0.035,0.006,1.09297876,PASS
configurator_1,low,6,2,0.9745,0.9993625,0.66753225,0.20603333,0.025,0.052,0.00698305,2.5,0.00513008,0.01668831,3.2530291,0.85,0.85,0.7955102041,0.1789897959,0.18367347,540,2.92165882,1.70928606,0.40751548,0.59248452,0,14,0.38888889,22,0.61111111,0.38888889,0,2,12,1.785714,3,12,0.72222222,0.042,0.082236,0.035,0.006,1.09297876,PASS
configurator_1,low,6,3,0.9745,0.97350833,0.80828776,0.4147,0.025,0.052,0.00724339,2.5,0.00624731,0.02020719,3.23454395,0.85,0.85,0.7955102041,0.1789897959,0.18367347,540,2.36425806,1.53761441,0.40751548,0.59248452,0,14,0.38888889,22,0.61111111,0.38888889,0,2,12,1.785714,3,12,0.72222222,0.042,0.12078209,0.035,0.006,1.09297876,PASS
configurator_1,normal,7,1,0.9745,1.00936,0.37148157,0.37056667,0.025,0.044,0.00782046,2.5,0.00319786,0.00928704,2.90414372,0.85,0.85,0.7955102041,0.1789897959,0.18367347,1620,6.80567539,2.60876894,0.35509651,0.64490349,0.0223069461,17,0.34693878,32,0.65306122,0.34693878,1,8,8,2.047059,6,12,0.59183673,0.038,0.038,0.035,0.006,1.08412364,PASS
configurator_1,normal,7,2,0.9745,0.94743,0.60491865,0.40633333,0.025,0.044,0.00812484,2.5,0.00527815,0.01512297,2.86520217,0.85,0.85,0.7955102041,0.1789897959,0.18367347,1620,4.02756596,2.00687966,0.35509651,0.64490349,0.0223069461,17,0.34693878,32,0.65306122,0.34693878,1,8,8,2.047059,6,12,0.59183673,0.038,0.074556,0.035,0.006,1.08412364,PASS
configurator_1,normal,7,3,0.9745,0.98752,0.75162773,0.31266667,0.025,0.044,0.00843079,2.5,0.00667501,0.01879069,2.81507896,0.85,0.85,0.7955102041,0.1789897959,0.18367347,1620,3.10152949,1.76111598,0.35509651,0.64490349,0.0223069461,17,0.34693878,32,0.65306122,0.34693878,1,8,8,2.047059,6,12,0.59183673,0.038,0.10972287,0.035,0.006,1.08412364,PASS
configurator_1,normal,8,1,0.9745,0.98661,0.26790547,0.26796667,0.025,0.036,0.00892481,2.5,0.0025555,0.00669764,2.6208752,0.85,0.85,0.7955102041,0.1789897959,0.18367347,2430,13.07868471,3.61644642,0.25320218,0.74679782,0.0327800447,16,0.25,48,0.75,0.25,2,8,6,2.8875,9,12,0.4375,0.034,0.034,0.035,0.006,1.07526852,PASS
configurator_1,normal,8,2,0.9745,1.007355,0.4638248,0.32456667,0.025,0.036,0.00927553,2.5,0.00454289,0.01159562,2.55247386,0.85,0.85,0.7955102041,0.1789897959,0.18367347,2430,7.16407062,2.67657816,0.25320218,0.74679782,0.0327800447,16,0.25,48,0.75,0.25,2,8,6,2.8875,9,12,0.4375,0.034,0.066844,0.035,0.006,1.07526852,PASS
configurator_1,normal,8,3,0.9745,0.93972333,0.60717294,0.22863333,0.025,0.036,0.0096283,2.5,0.00611001,0.01517932,2.48433713,0.85,0.85,0.7955102041,0.1789897959,0.18367347,2430,5.19253259,2.27871292,0.25320218,0.74679782,0.0327800447,16,0.25,48,0.75,0.25,2,8,6,2.8875,9,12,0.4375,0.034,0.0985713,0.035,0.006,1.07526852,PASS
configurator_1,high,9,1,0.9745,0.91617,0.22861237,0.23296667,0.02816757,0.03,0.01126703,2.5,0.00266123,0.00643945,2.41972896,0.85,0.85,0.777418179,0.197081821,0.20223891,4860,23.70614261,4.86889542,0.21679951,0.78320049,0.0150992719,21,0.25925926,60,0.74074074,0.25925926,4,9,8,5.295238,18,12,0.40740741,0.03,0.03,0.035,0.006,1.0664134,PASS
configurator_1,high,9,2,0.9745,1.015375,0.40413631,0.25313333,0.02929694,0.03,0.01171878,2.5,0.00487478,0.01183996,2.4288175,0.85,0.85,0.7711650219,0.2033349781,0.2086557,4860,12.69125685,3.56247903,0.21641281,0.78358719,0.0147870363,21,0.25925926,60,0.74074074,0.25925926,4,9,8,5.295238,18,12,0.40740741,0.03,0.0591,0.035,0.006,1.0664134,PASS
configurator_1,high,9,3,0.9745,1.01241333,0.53911357,0.34116667,0.03043468,0.03,0.01217387,2.5,0.00673221,0.01640775,2.43719995,0.85,0.85,0.7649664256,0.2095335744,0.2150165,4860,9.03377998,3.00562472,0.21602949,0.78397051,0.0144775251,21,0.25925926,60,0.74074074,0.25925926,4,9,8,5.295238,18,12,0.40740741,0.03,0.087327,0.035,0.006,1.0664134,PASS
configurator_1,high,10,1,0.9745,0.90844,0.20995101,0.21226667,0.03417557,0.025,0.01367023,2.5,0.00294164,0.0071752,2.43918617,0.85,0.85,0.745269794,0.229230206,0.23522853,8100,32.94210056,5.73952093,0.20076197,0.79923803,0.0063769236,24,0.24,76,0.76,0.24,4,12,8,7.233333,30,12,0.36,0.026,0.026,0.035,0.006,1.05755828,PASS
configurator_1,high,10,2,0.9745,0.99827,0.37529191,0.25173333,0.03557384,0.025,0.01422954,2.5,0.00545943,0.01335058,2.44541711,0.85,0.85,0.7381655324,0.2363344676,0.24251869,8100,17.29690948,4.15895534,0.20050639,0.79949361,0.0061579103,24,0.24,76,0.76,0.24,4,12,8,7.233333,30,12,0.36,0.026,0.051324,0.035,0.006,1.05755828,PASS
configurator_1,high,10,3,0.9745,0.99648333,0.50562702,0.3392,0.0369847,0.025,0.01479388,2.5,0.00762901,0.01870047,2.45122978,0.85,0.85,0.7311332667,0.2433667333,0.24973498,8100,12.08775295,3.47674459,0.20025339,0.79974661,0.0059411165,24,0.24,76,0.76,0.24,4,12,8,7.233333,30,12,0.36,0.026,0.07598958,0.035,0.006,1.05755828,PASS
configurator_2,low,5,1,0.9745,0.95615,0.39033238,0.38793333,0.025,0.06,0.0056329,2.5,0.00252615,0.00975831,3.86291883,0.85,0.85,0.7955102041,0.1789897959,0.18367347,648,5.16136868,2.27186458,0.37285316,0.62714684,0,12,0.48,13,0.52,0.48,0,4,8,1.966667,3,4,0.64,0.045,0.045,0.035,0.006,1.0996201,PASS
configurator_2,low,5,2,0.9745,1.0005225,0.62830359,0.3145,0.025,0.06,0.00584795,2.5,0.00406419,0.01570759,3.86487405,0.85,0.85,0.7955102041,0.1789897959,0.18367347,648,3.20541261,1.79036661,0.37285316,0.62714684,0,12,0.48,13,0.52,0.48,0,4,8,1.966667,3,4,0.64,0.045,0.087975,0.035,0.006,1.0996201,PASS
configurator_2,low,5,3,0.9745,0.96959833,0.77338652,0.35936667,0.025,0.06,0.0060638,2.5,0.00503811,0.01933466,3.83768454,0.85,0.85,0.7955102041,0.1789897959,0.18367347,648,2.55342725,1.5979447,0.37285316,0.62714684,0,12,0.48,13,0.52,0.48,0,4,8,1.966667,3,4,0.64,0.045,0.12901613,0.035,0.006,1.0996201,PASS
configurator_2,low,6,1,0.9745,0.926525,0.41291553,0.41076667,0.025,0.052,0.00672385,2.5,0.00318631,0.01032289,3.23976505,0.85,0.85,0.7955102041,0.1789897959,0.18367347,540,4.73321923,2.17559629,0.3966097,0.6033903,0,12,0.33333333,24,0.66666667,0.33333333,0,4,8,1.833333,3,4,0.44444444,0.042,0.042,0.035,0.006,1.09297876,PASS
configurator_2,low,6,2,0.9745,0.9561125,0.65532867,0.20053333,0.025,0.052,0.00698305,2.5,0.00504281,0.01638322,3.2488288,0.85,0.85,0.7955102041,0.1789897959,0.18367347,540,2.99133788,1.72954846,0.3966097,0.6033903,0,12,0.33333333,24,0.66666667,0.33333333,0,4,8,1.833333,3,4,0.44444444,0.042,0.082236,0.035,0.006,1.09297876,PASS
configurator_2,low,6,3,0.9745,0.97015,0.79764509,0.3936,0.025,0.052,0.00724339,2.5,0.0061765,0.01994113,3.22854733,0.85,0.85,0.7955102041,0.1789897959,0.18367347,540,2.41071076,1.55264637,0.3966097,0.6033903,0,12,0.33333333,24,0.66666667,0.33333333,0,4,8,1.833333,3,4,0.44444444,0.042,0.12078209,0.035,0.006,1.09297876,PASS
configurator_2,normal,7,1,0.9745,0.98126,0.37148578,0.3673,0.025,0.044,0.00782046,2.5,0.00319506,0.00928714,2.90671673,0.85,0.85,0.7955102041,0.1789897959,0.18367347,1620,6.80562676,2.60875962,0.35509651,0.64490349,0.0223069461,17,0.34693878,32,0.65306122,0.34693878,1,8,8,2.047059,6,8,0.51020408,0.038,0.038,0.035,0.006,1.08412364,PASS
configurator_2,normal,7,2,0.9745,0.9569,0.60492367,0.40686667,0.025,0.044,0.00812484,2.5,0.00527504,0.01512309,2.86691339,0.85,0.85,0.7955102041,0.1789897959,0.18367347,1620,4.02754165,2.0068736,0.35509651,0.64490349,0.0223069461,17,0.34693878,32,0.65306122,0.34693878,1,8,8,2.047059,6,8,0.51020408,0.038,0.074556,0.035,0.006,1.08412364,PASS
configurator_2,normal,7,3,0.9745,0.93734,0.75163222,0.31053333,0.025,0.044,0.00843079,2.5,0.00667242,0.01879081,2.81618965,0.85,0.85,0.7955102041,0.1789897959,0.18367347,1620,3.10151328,1.76111138,0.35509651,0.64490349,0.0223069461,17,0.34693878,32,0.65306122,0.34693878,1,8,8,2.047059,6,8,0.51020408,0.038,0.10972287,0.035,0.006,1.08412364,PASS
configurator_2,normal,8,1,0.9745,0.93256,0.31483528,0.31113333,0.025,0.036,0.00892481,2.5,0.00302108,0.00787088,2.60532129,0.85,0.85,0.7955102041,0.1789897959,0.18367347,2430,10.45973385,3.23415118,0.30054792,0.69945208,0.0209452324,18,0.28125,46,0.71875,0.28125,1,9,8,2.338889,9,8,0.40625,0.034,0.034,0.035,0.006,1.07526852,PASS
configurator_2,normal,8,2,0.9745,0.93661,0.53048723,0.36006667,0.025,0.036,0.00927553,2.5,0.005209,0.01326218,2.54601397,0.85,0.85,0.7955102041,0.1789897959,0.18367347,2430,5.85459519,2.41962708,0.30054792,0.69945208,0.0209452324,18,0.28125,46,0.71875,0.28125,1,9,8,2.338889,9,8,0.40625,0.034,0.066844,0.035,0.006,1.07526852,PASS
configurator_2,normal,8,3,0.9745,0.99437667,0.6782238,0.24773333,0.025,0.036,0.0096283,2.5,0.00682534,0.01695559,2.48421331,0.85,0.85,0.7955102041,0.1789897959,0.18367347,2430,4.31954897,2.07835247,0.30054792,0.69945208,0.0209452324,18,0.28125,46,0.71875,0.28125,1,9,8,2.338889,9,8,0.40625,0.034,0.0985713,0.035,0.006,1.07526852,PASS
configurator_2,high,9,1,0.9745,0.98652,0.21936836,0.217,0.02816757,0.03,0.01126703,2.5,0.00255639,0.00617907,2.41710546,0.85,0.85,0.777418179,0.197081821,0.20223891,4860,25.78156568,5.07755509,0.2075111,0.7924889,0.017085601,20,0.24691358,61,0.75308642,0.24691358,4,8,8,5.4,18,12,0.39506173,0.03,0.03,0.035,0.006,1.0664134,PASS
configurator_2,high,9,2,0.9745,0.96207,0.38974533,0.23496667,0.02929694,0.03,0.01171878,2.5,0.00470651,0.01141835,2.42607718,0.85,0.85,0.7711650219,0.2033349781,0.2086557,4860,13.75899107,3.7093114,0.20712878,0.79287122,0.0167722271,20,0.24691358,61,0.75308642,0.24691358,4,8,8,5.4,18,12,0.39506173,0.03,0.0591,0.035,0.006,1.0664134,PASS
configurator_2,high,9,3,0.9745,0.92534667,0.52229373,0.31683333,0.03043468,0.03,0.01217387,2.5,0.00652977,0.01589584,2.43436518,0.85,0.85,0.7649664256,0.2095335744,0.2150165,4860,9.76574963,3.12501994,0.2067498,0.7932502,0.0164615875,20,0.24691358,61,0.75308642,0.24691358,4,8,8,5.4,18,12,0.39506173,0.03,0.087327,0.035,0.006,1.0664134,PASS
configurator_2,high,10,1,0.9745,0.86346,0.17654316,0.17573333,0.03417557,0.025,0.01367023,2.5,0.00248041,0.00603346,2.43244626,0.85,0.85,0.745269794,0.229230206,0.23522853,8100,49.10849678,7.00774548,0.16737484,0.83262516,0.0108914736,20,0.2,80,0.8,0.2,4,8,8,7.96,30,12,0.32,0.026,0.026,0.035,0.006,1.05755828,PASS
configurator_2,high,10,2,0.9745,0.996405,0.32127315,0.1905,0.03557384,0.025,0.01422954,2.5,0.00468843,0.01142892,2.43768777,0.85,0.85,0.7381655324,0.2363344676,0.24251869,8100,25.63288213,5.06289266,0.16712784,0.83287216,0.0106710956,20,0.2,80,0.8,0.2,4,8,8,7.96,30,12,0.32,0.026,0.051324,0.035,0.006,1.05755828,PASS
configurator_2,high,10,3,0.9745,1.04939333,0.4400669,0.26223333,0.0369847,0.025,0.01479388,2.5,0.00666287,0.01627574,2.44275199,0.85,0.85,0.7311332667,0.2433667333,0.24973498,8100,17.81503148,4.22078565,0.16688334,0.83311666,0.0104529509,20,0.2,80,0.8,0.2,4,8,8,7.96,30,12,0.32,0.026,0.07598958,0.035,0.006,1.05755828,PASS
configurator_3,low,5,1,0.9745,0.96695,0.38445411,0.38273333,0.025,0.06,0.0056329,2.5,0.00249605,0.00961135,3.85062465,0.85,0.85,0.7955102041,0.1789897959,0.18367347,648,5.25506318,2.29239246,0.36756442,0.63243558,0,9,0.36,16,0.64,0.36,0,3,6,1.966667,3,4,0.52,0.045,0.045,0.035,0.006,1.0996201,PASS
configurator_3,low,5,2,0.9745,0.973795,0.62109074,0.33163333,0.025,0.06,0.00584795,2.5,0.00402938,0.01552727,3.85351671,0.85,0.85,0.7955102041,0.1789897959,0.18367347,648,3.25225986,1.8034023,0.36756442,0.63243558,0,9,0.36,16,0.64,0.36,0,3,6,1.966667,3,4,0.52,0.045,0.087975,0.035,0.006,1.0996201,PASS
configurator_3,low,5,3,0.9745,0.98233167,0.76674839,0.35426667,0.025,0.06,0.0060638,2.5,0.00500786,0.01916871,3.82772789,0.85,0.85,0.7955102041,0.1789897959,0.18367347,648,2.58465875,1.60768739,0.36756442,0.63243558,0,9,0.36,16,0.64,0.36,0,3,6,1.966667,3,4,0.52,0.045,0.12901613,0.035,0.006,1.0996201,PASS
configurator_3,low,6,1,0.9745,0.95635,0.40408093,0.40243333,0.025,0.052,0.00672385,2.5,0.0031181,0.01010202,3.23979891,0.85,0.85,0.7955102041,0.1789897959,0.18367347,540,4.85034143,2.20234907,0.38781643,0.61218357,0,12,0.33333333,24,0.66666667,0.33333333,0,6,6,1.875,3,8,0.55555556,0.042,0.042,0.035,0.006,1.09297876,PASS
configurator_3,low,6,2,0.9745,0.9783375,0.64487702,0.19463333,0.025,0.052,0.00698305,2.5,0.00496757,0.01612193,3.24543561,0.85,0.85,0.7955102041,0.1789897959,0.18367347,540,3.04989898,1.746396,0.38781643,0.61218357,0,12,0.33333333,24,0.66666667,0.33333333,0,6,6,1.875,3,8,0.55555556,0.042,0.082236,0.035,0.006,1.09297876,PASS
configurator_3,low,6,3,0.9745,0.97385833,0.78837132,0.38196667,0.025,0.052,0.00724339,2.5,0.0061141,0.01970928,3.22357943,0.85,0.85,0.7955102041,0.1789897959,0.18367347,540,2.4497515,1.5651682,0.38781643,0.61218357,0,12,0.33333333,24,0.66666667,0.33333333,0,6,6,1.875,3,8,0.55555556,0.042,0.12078209,0.035,0.006,1.09297876,PASS
configurator_3,normal,7,1,0.9745,0.93214,0.37148578,0.36576667,0.025,0.044,0.00782046,2.5,0.00319506,0.00928714,2.90671673,0.85,0.85,0.7955102041,0.1789897959,0.18367347,1620,6.80562676,2.60875962,0.35509651,0.64490349,0.0223069461,17,0.34693878,32,0.65306122,0.34693878,1,8,8,2.047059,6,8,0.51020408,0.038,0.038,0.035,0.006,1.08412364,PASS
configurator_3,normal,7,2,0.9745,0.9622,0.60492367,0.4022,0.025,0.044,0.00812484,2.5,0.00527504,0.01512309,2.86691339,0.85,0.85,0.7955102041,0.1789897959,0.18367347,1620,4.02754165,2.0068736,0.35509651,0.64490349,0.0223069461,17,0.34693878,32,0.65306122,0.34693878,1,8,8,2.047059,6,8,0.51020408,0.038,0.074556,0.035,0.006,1.08412364,PASS
configurator_3,normal,7,3,0.9745,0.97974,0.75163222,0.3072,0.025,0.044,0.00843079,2.5,0.00667242,0.01879081,2.81618965,0.85,0.85,0.7955102041,0.1789897959,0.18367347,1620,3.10151328,1.76111138,0.35509651,0.64490349,0.0223069461,17,0.34693878,32,0.65306122,0.34693878,1,8,8,2.047059,6,8,0.51020408,0.038,0.10972287,0.035,0.006,1.08412364,PASS
configurator_3,normal,8,1,0.9745,0.975,0.32749884,0.32946667,0.025,0.036,0.00892481,2.5,0.00308074,0.00818747,2.65763225,0.85,0.85,0.7955102041,0.1789897959,0.18367347,2430,12.1750404,3.48927505,0.31235914,0.68764086,0.0311785999,20,0.3125,44,0.6875,0.3125,2,6,12,2.37,9,8,0.4375,0.034,0.034,0.035,0.006,1.07526852,PASS
configurator_3,normal,8,2,0.9745,0.978,0.54761148,0.29946667,0.025,0.036,0.00927553,2.5,0.00529182,0.01369029,2.58706352,0.85,0.85,0.7955102041,0.1789897959,0.18367347,2430,6.71224847,2.59080074,0.31235914,0.68764086,0.0311785999,20,0.3125,44,0.6875,0.3125,2,6,12,2.37,9,8,0.4375,0.034,0.066844,0.035,0.006,1.07526852,PASS
configurator_3,normal,8,3,0.9745,0.93845667,0.69559983,0.23763333,0.025,0.036,0.0096283,2.5,0.00691167,0.01739,2.51603519,0.85,0.85,0.7955102041,0.1789897959,0.18367347,2430,4.89131782,2.21163239,0.31235914,0.68764086,0.0311785999,20,0.3125,44,0.6875,0.3125,2,6,12,2.37,9,8,0.4375,0.034,0.0985713,0.035,0.006,1.07526852,PASS
configurator_3,high,9,1,0.9745,0.96143,0.2652682,0.2653,0.02816757,0.03,0.01126703,2.5,0.00306313,0.00747196,2.43932159,0.85,0.85,0.777418179,0.197081821,0.20223891,4860,21.74081556,4.66270475,0.25334913,0.74665087,0.0135787686,24,0.2962963,57,0.7037037,0.2962963,4,8,12,4.716667,18,5,0.35802469,0.03,0.03,0.035,0.006,1.0664134,PASS
configurator_3,high,9,2,0.9745,1.00929,0.45953792,0.24406667,0.02929694,0.03,0.01171878,2.5,0.00550155,0.01346305,2.44714057,0.85,0.85,0.7711650219,0.2033349781,0.2086557,4860,11.67344914,3.41664296,0.25297244,0.74702756,0.0132647287,24,0.2962963,57,0.7037037,0.2962963,4,8,12,4.716667,18,5,0.35802469,0.03,0.0591,0.035,0.006,1.0664134,PASS
configurator_3,high,9,3,0.9745,0.99363333,0.60198501,0.3124,0.03043468,0.03,0.01217387,2.5,0.00746478,0.01832122,2.45435368,0.85,0.85,0.7649664256,0.2095335744,0.2150165,4860,8.33146898,2.88642841,0.25259903,0.74740097,0.0129534288,24,0.2962963,57,0.7037037,0.2962963,4,8,12,4.716667,18,5,0.35802469,0.03,0.087327,0.035,0.006,1.0664134,PASS
configurator_3,high,10,1,0.9745,1.05609,0.20995807,0.20503333,0.03417557,0.025,0.01367023,2.5,0.00293895,0.00717544,2.44149916,0.85,0.85,0.745269794,0.229230206,0.23522853,8100,32.94195008,5.73950783,0.20076197,0.79923803,0.0063769236,24,0.24,76,0.76,0.24,4,12,8,7.233333,30,8,0.32,0.026,0.026,0.035,0.006,1.05755828,PASS
configurator_3,high,10,2,0.9745,1.021005,0.37530127,0.24576667,0.03557384,0.025,0.01422954,2.5,0.00545589,0.01335091,2.44706471,0.85,0.85,0.7381655324,0.2363344676,0.24251869,8100,17.29684052,4.15894704,0.20050639,0.79949361,0.0061579103,24,0.24,76,0.76,0.24,4,12,8,7.233333,30,8,0.32,0.026,0.051324,0.035,0.006,1.05755828,PASS
configurator_3,high,10,3,0.9745,1.04126,0.50563624,0.3401,0.0369847,0.025,0.01479388,2.5,0.00762558,0.01870081,2.45237968,0.85,0.85,0.7311332667,0.2433667333,0.24973498,8100,12.08771145,3.47673862,0.20025339,0.79974661,0.0059411165,24,0.24,76,0.76,0.24,4,12,8,7.233333,30,8,0.32,0.026,0.07598958,0.035,0.006,1.05755828,PASS
