kind,lines,zone,id,target_cell,duration,bounces,launch_force,landing_a,landing_b
entry,5,top,secret-entry-5-top-0,,1.8417,5,9000,-0.9001,-0.8998
entry,5,top,secret-entry-5-top-1,,2.35,4,9000,-0.8886,-0.8984
entry,5,top,secret-entry-5-top-2,,2.575,6,9000,-0.8962,-0.8855
entry,5,top,secret-entry-5-top-3,,2.725,8,9000,0.870723,0.86002
entry,5,top,secret-entry-5-top-4,,2.25,4,9000,-0.075057,-0.041632
entry,5,top,secret-entry-5-top-5,,1.9917,4,9000,-0.8947,-0.88
entry,5,top,secret-entry-5-top-6,,2.7833,6,9000,-0.8854,-0.8941
entry,5,top,secret-entry-5-top-7,,2.5583,6,9000,-0.8779,-0.899
entry,5,right,secret-entry-5-right-0,,2.4667,7,9000,0.8773,-0.9015
entry,5,right,secret-entry-5-right-1,,2.0417,5,9000,0.8899,-0.9015
entry,5,right,secret-entry-5-right-2,,2.6417,6,9000,0.8798,-0.8946
entry,5,right,secret-entry-5-right-3,,2.3417,4,9000,0.8897,-0.8943
entry,5,right,secret-entry-5-right-4,,2.4667,4,9000,0.8872,-0.8926
entry,5,right,secret-entry-5-right-5,,2.1,4,9000,0.8937,-0.894
entry,5,right,secret-entry-5-right-6,,2.1167,4,9000,0.8922,-0.8802
entry,5,right,secret-entry-5-right-7,,2.575,4,9000,0.8862,-0.8881
entry,5,bottom,secret-entry-5-bottom-0,,2.2917,6,9000,0.8746,0.8769
entry,5,bottom,secret-entry-5-bottom-1,,1.8917,6,9000,0.8646,0.87
entry,5,bottom,secret-entry-5-bottom-2,,2.1917,6,9000,0.8646,0.8888
entry,5,bottom,secret-entry-5-bottom-3,,2.1833,6,9000,0.8855,0.8818
entry,5,bottom,secret-entry-5-bottom-4,,2.1167,5,9000,0.8821,0.9016
entry,5,bottom,secret-entry-5-bottom-5,,2.4833,5,9000,0.8855,0.9006
entry,5,bottom,secret-entry-5-bottom-6,,2.5917,6,9000,0.8746,0.8957
entry,5,bottom,secret-entry-5-bottom-7,,2.5417,6,9000,0.8995,0.877
entry,5,left,secret-entry-5-left-0,,2.0417,4,9000,-0.8996,0.8801
entry,5,left,secret-entry-5-left-1,,2.0667,4,9000,-0.8971,0.8905
entry,5,left,secret-entry-5-left-2,,2.7167,6,9000,-0.8927,0.8803
entry,5,left,secret-entry-5-left-3,,2.0083,6,9000,0.731188,-0.427933
entry,5,left,secret-entry-5-left-4,,2.0917,4,9000,-0.8845,0.882
entry,5,left,secret-entry-5-left-5,,2.4333,4,9000,-0.901,0.9011
entry,5,left,secret-entry-5-left-6,,2.2,4,9000,-0.8838,0.8947
entry,5,left,secret-entry-5-left-7,,2.7667,4,9000,-0.877,0.8984
entry,6,top,secret-entry-6-top-0,,2.025,5,9000,-0.91825,-0.906667
entry,6,top,secret-entry-6-top-1,,2.05,4,9000,-0.899333,-0.916
entry,6,top,secret-entry-6-top-2,,2.625,6,9000,-0.90975,-0.915917
entry,6,top,secret-entry-6-top-3,,2.15,4,9000,-0.90775,-0.906083
entry,6,top,secret-entry-6-top-4,,2.2333,5,9000,-0.9175,-0.899583
entry,6,top,secret-entry-6-top-5,,2.675,6,9000,-0.914,-0.911
entry,6,top,secret-entry-6-top-6,,2.6667,6,9000,-0.906333,-0.911583
entry,6,top,secret-entry-6-top-7,,2.65,6,9000,-0.915583,-0.898833
entry,6,right,secret-entry-6-right-0,,1.8833,7,9000,0.896167,-0.916833
entry,6,right,secret-entry-6-right-1,,2,4,9000,0.895333,-0.90675
entry,6,right,secret-entry-6-right-2,,2.3333,7,9000,0.908667,-0.917583
entry,6,right,secret-entry-6-right-3,,2.3167,4,9000,0.910167,-0.914083
entry,6,right,secret-entry-6-right-4,,2.35,4,9000,0.915583,-0.91425
entry,6,right,secret-entry-6-right-5,,2,4,9000,0.9115,-0.9035
entry,6,right,secret-entry-6-right-6,,2.6167,6,9000,0.91,-0.908083
entry,6,right,secret-entry-6-right-7,,1.875,4,9000,0.9055,-0.906167
entry,6,bottom,secret-entry-6-bottom-0,,2.45,6,9000,0.891,0.890083
entry,6,bottom,secret-entry-6-bottom-1,,2.1833,6,9000,0.888333,0.902167
entry,6,bottom,secret-entry-6-bottom-2,,2.15,6,9000,0.9155,0.886833
entry,6,bottom,secret-entry-6-bottom-3,,2.1583,6,9000,0.907083,0.907917
entry,6,bottom,secret-entry-6-bottom-4,,2.1083,6,9000,0.902833,0.89125
entry,6,bottom,secret-entry-6-bottom-5,,2.35,6,9000,0.916083,0.906083
entry,6,bottom,secret-entry-6-bottom-6,,2.3333,6,9000,0.917417,0.917583
entry,6,bottom,secret-entry-6-bottom-7,,2.0583,5,9000,0.89875,0.917833
entry,6,left,secret-entry-6-left-0,,1.9417,4,9000,-0.91625,0.8965
entry,6,left,secret-entry-6-left-1,,2.1667,4,9000,-0.906083,0.89275
entry,6,left,secret-entry-6-left-2,,2.2167,6,9000,-0.910083,0.902833
entry,6,left,secret-entry-6-left-3,,2.55,4,9000,-0.91575,0.91
entry,6,left,secret-entry-6-left-4,,1.95,4,9000,-0.907667,0.904833
entry,6,left,secret-entry-6-left-5,,2.4083,4,9000,-0.90275,0.911417
entry,6,left,secret-entry-6-left-6,,2.6833,5,9000,-0.90475,0.91825
entry,6,left,secret-entry-6-left-7,,1.8917,4,9000,-0.912583,0.899917
entry,7,top,secret-entry-7-top-0,,2.725,6,9000,-0.929571,-0.929714
entry,7,top,secret-entry-7-top-1,,2.0417,4,9000,-0.928357,-0.914714
entry,7,top,secret-entry-7-top-2,,2.6583,6,9000,-0.927429,-0.924857
entry,7,top,secret-entry-7-top-3,,2.3417,4,9000,-0.928571,-0.921357
entry,7,top,secret-entry-7-top-4,,2.225,5,9000,-0.915143,-0.929357
entry,7,top,secret-entry-7-top-5,,2.3083,4,9000,-0.923857,-0.915714
entry,7,top,secret-entry-7-top-6,,2.7167,6,9000,-0.916071,-0.925643
entry,7,top,secret-entry-7-top-7,,2.7167,7,9000,-0.93,-0.912429
entry,7,right,secret-entry-7-right-0,,1.9,5,9000,0.909714,-0.928857
entry,7,right,secret-entry-7-right-1,,2.2167,4,9000,0.916071,-0.921786
entry,7,right,secret-entry-7-right-2,,1.9167,5,9000,0.930214,-0.919
entry,7,right,secret-entry-7-right-3,,2.5167,6,9000,0.798715,0.890454
entry,7,right,secret-entry-7-right-4,,2.2333,4,9000,0.921929,-0.922214
entry,7,right,secret-entry-7-right-5,,2.2917,4,9000,0.917714,-0.923286
entry,7,right,secret-entry-7-right-6,,2.275,6,9000,0.919,-0.920071
entry,7,right,secret-entry-7-right-7,,2.0583,4,9000,0.927357,-0.911286
entry,7,bottom,secret-entry-7-bottom-0,,2.3167,6,9000,0.908857,0.906929
entry,7,bottom,secret-entry-7-bottom-1,,2.3917,6,9000,0.903571,0.914143
entry,7,bottom,secret-entry-7-bottom-2,,2.4417,6,9000,0.907214,0.909857
entry,7,bottom,secret-entry-7-bottom-3,,2.625,6,9000,0.922643,0.917643
entry,7,bottom,secret-entry-7-bottom-4,,2.3333,6,9000,0.907857,0.913071
entry,7,bottom,secret-entry-7-bottom-5,,2.3167,6,9000,0.916071,0.923286
entry,7,bottom,secret-entry-7-bottom-6,,1.9417,5,9000,0.928643,0.919
entry,7,bottom,secret-entry-7-bottom-7,,2.6833,6,9000,0.925643,0.909357
entry,7,left,secret-entry-7-left-0,,2.7333,6,9000,-0.921929,0.914214
entry,7,left,secret-entry-7-left-1,,2.5167,5,9000,-0.93,0.921143
entry,7,left,secret-entry-7-left-2,,2.7833,5,9000,-0.925571,0.928571
entry,7,left,secret-entry-7-left-3,,2.1167,4,9000,-0.916071,0.915429
entry,7,left,secret-entry-7-left-4,,1.95,4,9000,-0.921,0.921143
entry,7,left,secret-entry-7-left-5,,2.6917,4,9000,-0.924786,0.9165
entry,7,left,secret-entry-7-left-6,,2.725,6,9000,-0.922286,0.927357
entry,7,left,secret-entry-7-left-7,,2.15,4,9000,-0.913357,0.927357
entry,8,top,secret-entry-8-top-0,,1.9,4,9000,-0.927375,-0.934
entry,8,top,secret-entry-8-top-1,,1.825,4,9000,-0.938312,-0.937625
entry,8,top,secret-entry-8-top-2,,2.7167,7,9000,-0.938812,-0.933812
entry,8,top,secret-entry-8-top-3,,2.1417,4,9000,-0.931375,-0.931562
entry,8,top,secret-entry-8-top-4,,2.5667,4,9000,-0.935625,-0.929187
entry,8,top,secret-entry-8-top-5,,2.15,5,9000,-0.924125,-0.939
entry,8,top,secret-entry-8-top-6,,2.7583,6,9000,-0.929937,-0.933875
entry,8,top,secret-entry-8-top-7,,2.625,5,9000,-0.938375,-0.92275
entry,8,right,secret-entry-8-right-0,,1.825,7,9000,0.931938,-0.938937
entry,8,right,secret-entry-8-right-1,,2.05,4,9000,0.930375,-0.936187
entry,8,right,secret-entry-8-right-2,,2.05,7,9000,0.91825,-0.938562
entry,8,right,secret-entry-8-right-3,,2.0167,5,9000,0.932938,-0.938687
entry,8,right,secret-entry-8-right-4,,2.5917,4,9000,0.927875,-0.935812
entry,8,right,secret-entry-8-right-5,,2.3583,4,9000,0.9365,-0.932
entry,8,right,secret-entry-8-right-6,,2.675,6,9000,0.92925,-0.934812
entry,8,right,secret-entry-8-right-7,,2.5,4,9000,0.92725,-0.931937
entry,8,bottom,secret-entry-8-bottom-0,,2.7,6,9000,0.92125,0.91675
entry,8,bottom,secret-entry-8-bottom-1,,2,6,9000,0.921188,0.9285
entry,8,bottom,secret-entry-8-bottom-2,,2.275,6,9000,0.935313,0.917
entry,8,bottom,secret-entry-8-bottom-3,,1.925,6,9000,0.932125,0.9365
entry,8,bottom,secret-entry-8-bottom-4,,2.0083,6,9000,0.933313,0.926125
entry,8,bottom,secret-entry-8-bottom-5,,2.45,5,9000,0.93075,0.93875
entry,8,bottom,secret-entry-8-bottom-6,,2.7667,8,9000,0.929813,0.93675
entry,8,bottom,secret-entry-8-bottom-7,,2.7,6,9000,0.921313,0.933
entry,8,left,secret-entry-8-left-0,,2.125,5,9000,-0.938562,0.917938
entry,8,left,secret-entry-8-left-1,,2.7417,4,9000,-0.9375,0.932813
entry,8,left,secret-entry-8-left-2,,2.0333,7,9000,-0.937687,0.91675
entry,8,left,secret-entry-8-left-3,,1.9167,4,9000,-0.926312,0.926938
entry,8,left,secret-entry-8-left-4,,2.75,4,9000,-0.936687,0.923875
entry,8,left,secret-entry-8-left-5,,2.525,4,9000,-0.932437,0.9345
entry,8,left,secret-entry-8-left-6,,2.2667,6,9000,-0.929437,0.935
entry,8,left,secret-entry-8-left-7,,2.375,5,9000,-0.923,0.93825
entry,9,top,secret-entry-9-top-0,,2.075,5,9000,-0.931444,-0.944611
entry,9,top,secret-entry-9-top-1,,2.5333,6,9000,-0.944722,-0.9455
entry,9,top,secret-entry-9-top-2,,2.6833,6,9000,-0.942111,-0.944111
entry,9,top,secret-entry-9-top-3,,2.5083,4,9000,0.003717,0.037124
entry,9,top,secret-entry-9-top-4,,2.1833,4,9000,-0.941944,-0.938333
entry,9,top,secret-entry-9-top-5,,2.3917,4,9000,-0.936,-0.943167
entry,9,top,secret-entry-9-top-6,,2.6167,5,9000,-0.945778,-0.936278
entry,9,top,secret-entry-9-top-7,,2.6833,6,9000,-0.942167,-0.934056
entry,9,right,secret-entry-9-right-0,,1.8833,7,9000,0.931056,-0.946111
entry,9,right,secret-entry-9-right-1,,2.2583,4,9000,0.932333,-0.942111
entry,9,right,secret-entry-9-right-2,,2.075,7,9000,0.926,-0.944722
entry,9,right,secret-entry-9-right-3,,1.9083,4,9000,0.929611,-0.934944
entry,9,right,secret-entry-9-right-4,,2.1333,4,9000,0.939222,-0.938056
entry,9,right,secret-entry-9-right-5,,2.1833,4,9000,0.941833,-0.938056
entry,9,right,secret-entry-9-right-6,,2.625,5,9000,0.945056,-0.9405
entry,9,right,secret-entry-9-right-7,,2.725,5,9000,0.945111,-0.933667
entry,9,bottom,secret-entry-9-bottom-0,,2.5833,6,9000,0.925167,0.925222
entry,9,bottom,secret-entry-9-bottom-1,,2.3833,6,9000,0.925167,0.930389
entry,9,bottom,secret-entry-9-bottom-2,,2.1583,6,9000,0.932278,0.929389
entry,9,bottom,secret-entry-9-bottom-3,,1.8083,6,9000,0.929333,0.9425
entry,9,bottom,secret-entry-9-bottom-4,,2.15,6,9000,0.933,0.932889
entry,9,bottom,secret-entry-9-bottom-5,,2.0833,6,9000,0.942,0.9365
entry,9,bottom,secret-entry-9-bottom-6,,2.3833,6,9000,0.941833,0.942778
entry,9,bottom,secret-entry-9-bottom-7,,2.2167,5,9000,0.945611,0.942278
entry,9,left,secret-entry-9-left-0,,2.6167,7,9000,-0.945667,0.937278
entry,9,left,secret-entry-9-left-1,,1.8167,4,9000,-0.945722,0.944944
entry,9,left,secret-entry-9-left-2,,2.7583,6,9000,-0.937944,0.934722
entry,9,left,secret-entry-9-left-3,,2.5417,6,9000,0.448273,-0.645683
entry,9,left,secret-entry-9-left-4,,2.1917,4,9000,-0.935833,0.937167
entry,9,left,secret-entry-9-left-5,,2.1667,4,9000,-0.937611,0.943111
entry,9,left,secret-entry-9-left-6,,2.75,5,9000,-0.938556,0.945056
entry,9,left,secret-entry-9-left-7,,2.075,4,9000,-0.942722,0.933167
entry,10,top,secret-entry-10-top-0,,2.2167,6,9000,-0.951,-0.95065
entry,10,top,secret-entry-10-top-1,,2.025,4,9000,-0.95085,-0.95085
entry,10,top,secret-entry-10-top-2,,2.7833,6,9000,-0.9479,-0.9422
entry,10,top,secret-entry-10-top-3,,2.4667,4,9000,-0.94375,-0.9482
entry,10,top,secret-entry-10-top-4,,2.4,5,9000,-0.94215,-0.95145
entry,10,top,secret-entry-10-top-5,,2.5333,4,9000,-0.9455,-0.94255
entry,10,top,secret-entry-10-top-6,,2.325,5,9000,-0.95085,-0.93825
entry,10,top,secret-entry-10-top-7,,2.7833,6,9000,-0.9427,-0.9473
entry,10,right,secret-entry-10-right-0,,1.9,7,9000,0.93715,-0.9511
entry,10,right,secret-entry-10-right-1,,2.2667,4,9000,0.9338,-0.9491
entry,10,right,secret-entry-10-right-2,,1.975,7,9000,0.93345,-0.95005
entry,10,right,secret-entry-10-right-3,,2.5167,5,9000,0.9411,-0.9512
entry,10,right,secret-entry-10-right-4,,2.7667,4,9000,0.9485,-0.94655
entry,10,right,secret-entry-10-right-5,,1.9333,4,9000,0.9455,-0.93955
entry,10,right,secret-entry-10-right-6,,2.75,6,9000,0.9494,-0.94445
entry,10,right,secret-entry-10-right-7,,2.225,4,9000,0.94565,-0.9415
entry,10,bottom,secret-entry-10-bottom-0,,1.8417,6,9000,0.9401,0.9399
entry,10,bottom,secret-entry-10-bottom-1,,2.0167,5,9000,0.95105,0.9361
entry,10,bottom,secret-entry-10-bottom-2,,2.4833,6,9000,0.9377,0.9352
entry,10,bottom,secret-entry-10-bottom-3,,2.8,8,9000,0.9472,0.94115
entry,10,bottom,secret-entry-10-bottom-4,,2.7917,8,9000,0.94225,0.9423
entry,10,bottom,secret-entry-10-bottom-5,,2.6833,6,9000,0.9477,0.94475
entry,10,bottom,secret-entry-10-bottom-6,,2.1833,6,9000,0.9327,0.9384
entry,10,bottom,secret-entry-10-bottom-7,,2.7083,5,9000,0.94645,0.95095
entry,10,left,secret-entry-10-left-0,,1.875,5,9000,-0.9431,0.95095
entry,10,left,secret-entry-10-left-1,,2.5167,5,9000,-0.9511,0.94105
entry,10,left,secret-entry-10-left-2,,2.7417,5,9000,-0.9498,0.95095
entry,10,left,secret-entry-10-left-3,,2.4667,4,9000,-0.9486,0.944
entry,10,left,secret-entry-10-left-4,,2,4,9000,-0.94185,0.93345
entry,10,left,secret-entry-10-left-5,,1.8417,4,9000,-0.93995,0.9487
entry,10,left,secret-entry-10-left-6,,2.775,4,9000,-0.94345,0.9449
entry,10,left,secret-entry-10-left-7,,2.725,4,9000,-0.94095,0.94785
