config_id,risk,lines,pucks,simulation_runs,old_rtp,new_rtp,simulated_rtp,simulation_tolerance,simulation_error,old_hit_frequency,new_hit_frequency,old_win_above_bet_frequency,new_win_above_bet_frequency,old_bonus_frequency,new_bonus_frequency,base_bonus_frequency,bonus_frequency_multiplier,baseline_paid_bonus_win_frequency,paid_bonus_win_frequency,paid_bonus_win_frequency_multiplier,one_of_two_star_probability,two_of_three_star_probability,old_bonus_rtp_share,new_bonus_rtp_share,old_max_win,new_max_win,variance,standard_deviation,base_game_rtp_contribution,bonus_rtp_contribution,outer_multiplier,middle_multiplier,center_multiplier,status
low-5-1,low,5,1,5000000,0.9745,0.9745,0.97433273,0.0015,0.00016727,0.6383209738,0.5964719785,0.6383209738,0.5964719785,0.0056328985,0.0140822462,0.0056328985,2.5,0.0036030364,0.0083996652,2.3312740413,0.85,0.85,0.04825,0.1124839725,21.7,24,2.2723623733,1.5074356946,0.8648843688,0.1096156312,1.15,1.65,2.4,PASS
low-5-2,low,5,2,5000000,0.9745,0.9745,0.9741458,0.0015,0.0003542,0.8712040123,0.8351001799,0.4594719017,0.4073252063,0.0058479532,0.014619883,0.0058479532,2.5,0.0050835837,0.012209067,2.4016653618,0.85,0.85,0.05,0.1162790698,21.7,24,1.597664526,1.2639875498,0.8611860465,0.1133139535,1.15,1.65,2.4,PASS
low-5-3,low,5,3,5000000,0.9745,0.9745,0.9745511633,0.0015,0.0000511633,0.9534919336,0.9317742323,0.4042214614,0.3497613092,0.0060638017,0.0151595044,0.0060638017,2.5,0.0057744502,0.0141252355,2.446161099,0.85,0.85,0.05175,0.120055678,21.6,24,1.388539836,1.1783632021,0.8575057418,0.1169942582,1.15,1.65,2.4,PASS
low-6-1,low,6,1,100000,0.9745,0.9745,0.973682,0.0015,0.000818,0.6387895478,0.5974937341,0.6387895478,0.5974937341,0.0055472627,0.0138681569,0.0055472627,2.5,0.0035508649,0.0082861368,2.3335545117,0.85,0.85,0.0475513464,0.1109636588,21.7,24,2.2493090121,1.499769653,0.8663659145,0.1081340855,1.15,1.65,2.4,PASS
low-6-2,low,6,2,100000,0.9745,0.9745,0.97481275,0.0015,0.00031275,0.8704400541,0.8359548268,0.4581362637,0.4084362981,0.0057588868,0.014397217,0.0057588868,2.5,0.0050081837,0.012035423,2.4031512763,0.85,0.85,0.0492760066,0.1147112482,21.7,24,1.5807972675,1.257297605,0.8627138887,0.1117861113,1.15,1.65,2.4,PASS
low-6-3,low,6,3,5000000,0.9745,0.9745,0.97476495,0.0015,0.00026495,0.9536879922,0.9323164157,0.4048144392,0.3508894855,0.00597128,0.0149282001,0.00597128,2.5,0.0056875287,0.013917806,2.4470744327,0.85,0.85,0.0510006668,0.1184408254,21.6,24,1.3736145639,1.1720130391,0.8590794156,0.1154205844,1.15,1.65,2.4,PASS
low-7-1,low,7,1,5000000,0.9745,0.9745,0.97565636,0.0015,0.00115636,0.6391804241,0.5983475955,0.6391804241,0.5983475955,0.005475923,0.0136898074,0.005475923,2.5,0.0035073443,0.0081912633,2.3354602568,0.85,0.85,0.0469685415,0.1096931621,21.7,24,2.2300437637,1.4933331054,0.8676040135,0.1068959865,1.15,1.65,2.4,PASS
low-7-2,low,7,2,5000000,0.9745,0.9745,0.974320295,0.0015,0.000179705,0.8707325899,0.8366673788,0.4586021663,0.4093665757,0.0056846928,0.014211732,0.0056846928,2.5,0.0049453265,0.0118904926,2.4043897913,0.85,0.85,0.0486720638,0.1134009705,21.7,24,1.5666828654,1.2516720279,0.8639907542,0.1105092458,1.15,1.65,2.4,PASS
low-7-3,low,7,3,5000000,0.9745,0.9745,0.9752332333,0.0015,0.0007332333,0.9538511188,0.9327673529,0.4053096259,0.3518348723,0.0058942117,0.0147355293,0.0058942117,2.5,0.005615096,0.0137448206,2.4478335881,0.85,0.85,0.050375586,0.1170911612,21.6,24,1.3611149636,1.1666683177,0.8603946634,0.1141053366,1.15,1.65,2.4,PASS
low-8-1,low,8,1,100000,0.9745,0.9745,0.9739495,0.0015,0.0005505,0.6395151421,0.5990798895,0.6395151421,0.5990798895,0.0054149021,0.0135372552,0.0054149021,2.5,0.0034700765,0.0081098973,2.3370946738,0.85,0.85,0.04646947,0.1086035508,21.7,24,2.2135213814,1.4877907721,0.8686658398,0.1058341602,1.15,1.65,2.4,PASS
low-8-2,low,8,2,5000000,0.9745,0.9745,0.97590331,0.0015,0.00140331,0.8692344193,0.8372772778,0.456040823,0.4101656825,0.0056212333,0.0140530834,0.0056212333,2.5,0.0048915293,0.0117663274,2.4054496263,0.85,0.85,0.0481548912,0.1122771845,21.7,24,1.5545643756,1.2468217096,0.8650858837,0.1094141163,1.15,1.65,2.4,PASS
low-8-3,low,8,3,5000000,0.9745,0.9745,0.9751305767,0.0015,0.0006305767,0.95381912,0.9331525286,0.4051676371,0.3526475408,0.0058282966,0.0145707415,0.0058282966,2.5,0.0055531248,0.0135967243,2.4484816911,0.85,0.85,0.0498403124,0.1159335355,21.7,24,1.3503755069,1.1620565851,0.8615227697,0.1129772303,1.15,1.65,2.4,PASS
low-9-1,low,9,1,100000,0.9745,0.9745,0.97587,0.0015,0.00137,0.6398074309,0.5997201959,0.6398074309,0.5997201959,0.0053616685,0.0134041712,0.0053616685,2.5,0.0034375328,0.0080387522,2.3385237826,0.85,0.85,0.0460336612,0.1076508116,21.7,24,2.1990744669,1.4829276674,0.8695942841,0.1049057159,1.15,1.65,2.4,PASS
low-9-2,low,9,2,5000000,0.9745,0.9745,0.97496694,0.0015,0.00046694,0.8694533868,0.8378096527,0.4563870069,0.410865375,0.0055658744,0.0139146861,0.0055658744,2.5,0.0048445735,0.0116578583,2.406374552,0.85,0.85,0.0477032759,0.1112945199,21.7,24,1.5439578578,1.2425610077,0.8660434903,0.1084565097,1.15,1.65,2.4,PASS
low-9-3,low,9,3,100000,0.9745,0.9745,0.9746743333,0.0015,0.0001743333,0.9533402712,0.933488142,0.4035628248,0.3533595484,0.0057707977,0.0144269942,0.0057707977,2.5,0.0054990504,0.013467428,2.449046139,0.85,0.85,0.0493728905,0.1149212359,21.7,24,1.3409703551,1.158002744,0.8625092556,0.1119907444,1.15,1.65,2.4,PASS
low-10-1,low,10,1,100000,0.9745,0.9745,0.9754405,0.0015,0.0009405,0.6396263578,0.6002885347,0.6396263578,0.6002885347,0.0053145132,0.0132862831,0.0053145132,2.5,0.0034086801,0.0079756034,2.3397922658,0.85,0.85,0.0456472815,0.1068051561,21.8,24,2.1862513228,1.4785977556,0.8704183754,0.1040816246,1.15,1.65,2.4,PASS
low-10-2,low,10,2,5000000,0.9745,0.9745,0.97435144,0.0015,0.00014856,0.8696473658,0.8382814787,0.4566940804,0.4114871801,0.0055168382,0.0137920954,0.0055168382,2.5,0.0048029604,0.0115616581,2.40719413,0.85,0.85,0.0473028823,0.1104222685,21.7,24,1.5345354165,1.2387636645,0.8668934994,0.1076065006,1.15,1.65,2.4,PASS
low-10-3,low,10,3,100000,0.9745,0.9745,0.973955,0.0015,0.000545,0.9534486648,0.9337851143,0.4038895368,0.3539926417,0.0057198675,0.0142996688,0.0057198675,2.5,0.0054511412,0.0133528178,2.4495453943,0.85,0.85,0.0489584832,0.1140226445,21.7,24,1.33261078,1.1543876212,0.863384933,0.111115067,1.15,1.65,2.4,PASS
normal-5-1,normal,5,1,100000,0.9745,0.9745,0.975671,0.0025,0.001171,0.4200030825,0.462121944,0.4200030825,0.2364304716,0.0092953812,0.023238453,0.0092953812,2.5,0.0047930301,0.0107389991,2.2405449005,0.85,0.85,0.0772,0.1729700663,44.8,55,6.9531452699,2.6368817323,0.8059406704,0.1685593296,0.8,1.8,5.5,PASS
normal-5-2,normal,5,2,5000000,0.9745,0.9745,0.9766287,0.0025,0.0021287,0.6633077506,0.7073104028,0.4317496048,0.2294303961,0.0096618357,0.0241545894,0.0096618357,2.5,0.0073804165,0.0170847923,2.3148818767,0.85,0.85,0.08,0.1785714286,44.7,55,4.1693562907,2.0419001667,0.8004821429,0.1740178571,0.8,1.8,5.5,PASS
normal-5-3,normal,5,3,5000000,0.9745,0.9745,0.9746137667,0.0025,0.0001137667,0.8053307651,0.8389091861,0.3787256549,0.2716082915,0.0100305277,0.0250763192,0.0100305277,2.5,0.0088684634,0.0210367546,2.3720856367,0.85,0.85,0.0828,0.1841309376,44.6,55,3.2599341359,1.805528769,0.7950644014,0.1794355986,0.8,1.8,5.5,PASS
normal-6-1,normal,6,1,100000,0.9745,0.9745,0.975728,0.0025,0.001228,0.4202174651,0.463378083,0.4202174651,0.2369887555,0.0091497017,0.0228742543,0.0091497017,2.5,0.0047236276,0.0105994281,2.2439169473,0.85,0.85,0.0760821542,0.1707220351,44.9,55,6.8880621972,2.6245118017,0.8081313767,0.1663686233,0.8,1.8,5.5,PASS
normal-6-2,normal,6,2,5000000,0.9745,0.9745,0.97338799,0.0025,0.00111201,0.6635787526,0.7087067164,0.4319495007,0.2301717034,0.0095099595,0.0237748987,0.0095099595,2.5,0.0072703806,0.0168494304,2.3175444634,0.85,0.85,0.0788416105,0.1762591889,44.8,55,4.1298998329,2.0322154986,0.8027354204,0.1717645796,0.8,1.8,5.5,PASS
normal-6-3,normal,6,3,5000000,0.9745,0.9745,0.9751431067,0.0025,0.0006431067,0.8041929543,0.8400852214,0.3773308964,0.2724354981,0.0098723821,0.0246809553,0.0098723821,2.5,0.0087333482,0.0207341058,2.3741302017,0.85,0.85,0.0816010669,0.1817555029,44.6,55,3.2289778155,1.7969356737,0.7973792625,0.1771207375,0.8,1.8,5.5,PASS
normal-7-1,normal,7,1,100000,0.9745,0.9745,0.976865,0.0025,0.002365,0.4206415803,0.4644288287,0.4206415803,0.2374557536,0.0090284478,0.0225711195,0.0090284478,2.5,0.0046657333,0.0104826786,2.2467376252,0.85,0.85,0.0751496665,0.1688415832,44.9,55,6.8336209632,2.6141195388,0.8099638772,0.1645361228,0.8,1.8,5.5,PASS
normal-7-2,normal,7,2,5000000,0.9745,0.9745,0.97583408,0.0025,0.00133408,0.6640896322,0.7098722563,0.4323639543,0.2307935921,0.0093835588,0.023458897,0.0093835588,2.5,0.0071786619,0.0166528202,2.3197666244,0.85,0.85,0.077875302,0.1743248541,44.8,55,4.0968530066,2.0240684293,0.8046204297,0.1698795703,0.8,1.8,5.5,PASS
normal-7-3,normal,7,3,5000000,0.9745,0.9745,0.9753864,0.0025,0.0008864,0.8043566176,0.8410647279,0.3774646171,0.273129896,0.0097407754,0.0243519384,0.0097407754,2.5,0.0086207916,0.0204815565,2.3758324501,0.85,0.85,0.0806009376,0.1797681249,44.7,55,3.2030237011,1.7896993326,0.7993159623,0.1751840377,0.8,1.8,5.5,PASS
normal-8-1,normal,8,1,5000000,0.9745,0.9745,0.97382968,0.0025,0.00067032,0.4197704883,0.4653307125,0.4197704883,0.2378565909,0.0089248089,0.0223120223,0.0089248089,2.5,0.0046161568,0.0103824693,2.2491586906,0.85,0.85,0.074351152,0.1672275396,45,55,6.786892556,2.6051665121,0.8115367626,0.1629632374,0.8,1.8,5.5,PASS
normal-8-2,normal,8,2,100000,0.9745,0.9745,0.9737385,0.0025,0.0007615,0.6633427291,0.7108708834,0.4316896577,0.2313286799,0.0092755289,0.0231888222,0.0092755289,2.5,0.0071001721,0.0164842585,2.3216702855,0.85,0.85,0.0770478259,0.1726644356,44.9,55,4.0684575168,2.0170417737,0.8062385075,0.1682614925,0.8,1.8,5.5,PASS
normal-8-3,normal,8,3,5000000,0.9745,0.9745,0.97290948,0.0025,0.00159052,0.8047514103,0.8419023947,0.3778760726,0.2737276972,0.0096283043,0.0240707607,0.0096283043,2.5,0.0085245176,0.0202652311,2.3772877257,0.85,0.85,0.0797444998,0.1780620462,44.7,55,3.180703314,1.7834526386,0.8009785359,0.1735214641,0.8,1.8,5.5,PASS
normal-9-1,normal,9,1,100000,0.9745,0.9745,0.972724,0.0025,0.001776,0.419364636,0.466119864,0.419364636,0.2382073249,0.0088344536,0.022086134,0.0088344536,2.5,0.0045728647,0.0102947858,2.251277131,0.85,0.85,0.073653858,0.165815246,45,55,6.7460050419,2.5973072675,0.8129130427,0.1615869573,0.8,1.8,5.5,PASS
normal-9-2,normal,9,2,5000000,0.9745,0.9745,0.97463917,0.0025,0.00013917,0.6637239971,0.7117433304,0.4319988523,0.2317978715,0.0091813512,0.0229533781,0.0091813512,2.5,0.0070316706,0.0163369138,2.3233332039,0.85,0.85,0.0763252414,0.1712114685,44.9,55,4.0435882576,2.0108675385,0.8076544239,0.1668455761,0.8,1.8,5.5,PASS
normal-9-3,normal,9,3,5000000,0.9745,0.9745,0.9750241,0.0025,0.0005241,0.8047981758,0.8426330326,0.3778883443,0.274252125,0.0095302612,0.0238256531,0.0095302612,2.5,0.0084405313,0.0200762823,2.3785566972,0.85,0.85,0.0789966249,0.1765690264,44.8,55,3.161140107,1.7779595347,0.8024334837,0.1720665163,0.8,1.8,5.5,PASS
normal-10-1,normal,10,1,5000000,0.9745,0.9745,0.97415298,0.0025,0.00034702,0.4196445037,0.4668207549,0.4196445037,0.2385188319,0.0087544599,0.0218861498,0.0087544599,2.5,0.0045344827,0.010216909,2.2531586401,0.85,0.85,0.0730356503,0.1645609066,45,55,6.7096904806,2.5903070244,0.8141353965,0.1603646035,0.8,1.8,5.5,PASS
normal-10-2,normal,10,2,5000000,0.9745,0.9745,0.97256674,0.0025,0.00193326,0.6640618414,0.7125171403,0.4322729905,0.232215361,0.0090979783,0.0227449456,0.0090979783,2.5,0.0069709688,0.0162061636,2.3248079516,0.85,0.85,0.0756846117,0.1699209299,44.9,55,4.0214823441,2.0053633945,0.8089120538,0.1655879462,0.8,1.8,5.5,PASS
normal-10-3,normal,10,3,5000000,0.9745,0.9745,0.9746306333,0.0025,0.0001306333,0.8051031953,0.8432801381,0.3782068536,0.2747189565,0.0094434712,0.023608678,0.0094434712,2.5,0.0083661361,0.0199087292,2.3796803036,0.85,0.85,0.0783335731,0.1752428365,44.8,55,3.1437392211,1.773059283,0.8037258558,0.1707741442,0.8,1.8,5.5,PASS
high-5-1,high,5,1,100000,0.9745,0.9745,0.9723365,0.005,0.0021635,0.2000011983,0.3342824821,0.1000005992,0.1520089906,0.0173558921,0.0433897303,0.0173558921,2.5,0.0069774995,0.0145044268,2.0787427764,0.85,0.85,0.1351,0.2808381491,196.5,100,23.9882015335,4.8977751616,0.7008232237,0.2736767763,0.45,1.8,10,PASS
high-5-2,high,5,2,100000,0.9745,0.9745,0.9765085,0.005,0.0020085,0.3599351005,0.5515951072,0.0894309857,0.1502118261,0.0180878553,0.0452196382,0.0180878553,2.5,0.0115707391,0.0249429312,2.1556904091,0.85,0.85,0.14,0.2892561983,195.4,100,13.1085468537,3.6205727245,0.6926198347,0.2818801653,0.45,1.8,10,PASS
high-5-3,high,5,3,100000,0.9745,0.9745,0.9760065,0.005,0.0015065,0.4880068894,0.6945042428,0.1184292224,0.1734289721,0.0188282072,0.0470705181,0.0188282072,2.5,0.0147096422,0.0326906745,2.2223976694,0.85,0.85,0.1449,0.2975725962,194.2,100,9.4962653494,3.0816011016,0.684515505,0.289984495,0.45,1.8,10,PASS
high-6-1,high,6,1,5000000,0.9745,0.9745,0.97631742,0.005,0.00181742,0.19996009,0.3358580218,0.099980045,0.1525866885,0.0170659813,0.0426649532,0.0170659813,2.5,0.0068764663,0.0143293668,2.0838271053,0.85,0.85,0.1331437698,0.2774485964,196.9,100,23.7662485551,4.875063954,0.7041263428,0.2703736572,0.45,1.8,10,PASS
high-6-2,high,6,2,100000,0.9745,0.9745,0.96999375,0.005,0.00450625,0.3598954597,0.5537527693,0.0893869268,0.1508129486,0.0177840252,0.0444600631,0.0177840252,2.5,0.0113964817,0.0246198831,2.160305583,0.85,0.85,0.1379728185,0.2857859969,195.8,100,12.9895754077,3.6041053547,0.696001546,0.278498454,0.45,1.8,10,PASS
high-6-3,high,6,3,5000000,0.9745,0.9745,0.9741596667,0.005,0.0003403333,0.4878251834,0.6967433793,0.1183206142,0.1738932541,0.0185101595,0.0462753986,0.0185101595,2.5,0.0144807949,0.0322420776,2.2265405831,0.85,0.85,0.1428018671,0.2940239205,194.7,100,9.4118790185,3.067878586,0.6879736894,0.2865263106,0.45,1.8,10,PASS
high-7-1,high,7,1,5000000,0.9745,0.9745,0.97371833,0.005,0.00078167,0.1999956608,0.3371782181,0.0999978304,0.1530707604,0.0168251418,0.0420628545,0.0168251418,2.5,0.006792186,0.0141826783,2.0880874308,0.85,0.85,0.1315119163,0.2746083795,197.3,100,23.5802669002,4.8559516987,0.7068941342,0.2676058658,0.45,1.8,10,PASS
high-7-2,high,7,2,5000000,0.9745,0.9745,0.97449093,0.005,0.00000907,0.3599746839,0.5555569807,0.0893869719,0.1513190105,0.0175316665,0.0438291664,0.0175316665,2.5,0.0112512702,0.0243495993,2.164164481,0.85,0.85,0.1362817786,0.2828778099,196.2,100,12.889783832,3.5902345093,0.6988355743,0.2756644257,0.45,1.8,10,PASS
high-7-3,high,7,3,5000000,0.9745,0.9745,0.9749238167,0.005,0.0004238167,0.4879473292,0.6986116775,0.1183188209,0.1742841927,0.0182460382,0.0456150954,0.0182460382,2.5,0.0142902615,0.0318672383,2.2299968596,0.85,0.85,0.1410516408,0.2910495725,195.1,100,9.3410271753,3.0563094044,0.6908721916,0.2836278084,0.45,1.8,10,PASS
high-8-1,high,8,1,5000000,0.9745,0.9745,0.97036735,0.005,0.00413265,0.1999111886,0.338313036,0.0999555943,0.1534868603,0.0166196226,0.0415490565,0.0166196226,2.5,0.0067200146,0.0140565874,2.091749533,0.85,0.85,0.130114516,0.272166978,197.6,100,23.4204002763,4.8394628086,0.70927328,0.26522672,0.45,1.8,10,PASS
high-8-2,high,8,2,5000000,0.9745,0.9745,0.972096345,0.005,0.002403655,0.3598575589,0.5571051056,0.0893266705,0.1517557343,0.017316349,0.0432908726,0.017316349,2.5,0.0111270308,0.0241175661,2.167475461,0.85,0.85,0.1348336953,0.2803776968,196.5,100,12.8039307102,3.5782580553,0.7012719345,0.2732280655,0.45,1.8,10,PASS
high-8-3,high,8,3,5000000,0.9745,0.9745,0.9748448233,0.005,0.0003448233,0.4879568291,0.7002118512,0.1182866318,0.1746216209,0.018020718,0.0450517949,0.018020718,2.5,0.0141273676,0.0315458007,2.2329567369,0.85,0.85,0.1395528746,0.2884922933,195.5,100,9.2800207587,3.0463126495,0.6933642602,0.2811357398,0.45,1.8,10,PASS
high-9-1,high,9,1,5000000,0.9745,0.9745,0.97456437,0.005,0.00006437,0.1999370088,0.3393072639,0.0999685044,0.1538514105,0.0164406945,0.0411017363,0.0164406945,2.5,0.0066569917,0.0139461177,2.0949579457,0.85,0.85,0.1288942514,0.2700280362,197.9,100,23.280339167,4.8249703799,0.7113576787,0.2631423213,0.45,1.8,10,PASS
high-9-2,high,9,2,5000000,0.9745,0.9745,0.97745771,0.005,0.00295771,0.3599154434,0.558459351,0.0893263857,0.1521396619,0.017128914,0.0428222851,0.017128914,2.5,0.0110186224,0.0239145055,2.1703716395,0.85,0.85,0.1335691725,0.2781871,196.8,100,12.7286574936,3.5677244139,0.703406671,0.271093329,0.45,1.8,10,PASS
high-9-3,high,9,3,100000,0.9745,0.9745,0.9744466667,0.005,0.0000533333,0.4877537142,0.7016093944,0.1181902315,0.1749182963,0.0178246006,0.0445615015,0.0178246006,2.5,0.0139853221,0.0312647681,2.2355415068,0.85,0.85,0.1382440935,0.2862513882,195.8,100,9.2264936852,3.0375143926,0.6955480222,0.2789519778,0.45,1.8,10,PASS
high-10-1,high,10,1,5000000,0.9745,0.9745,0.97314008,0.005,0.00135992,0.2000157264,0.3401912816,0.1000078632,0.1541755504,0.016282479,0.0407061974,0.016282479,2.5,0.0066011168,0.0138478935,2.0978107059,0.85,0.85,0.1278123881,0.268126196,198.1,100,23.1558038299,4.8120477793,0.713211022,0.261288978,0.45,1.8,10,PASS
high-10-2,high,10,2,5000000,0.9745,0.9745,0.973822015,0.005,0.000677985,0.3599202871,0.5596618419,0.089311001,0.1524820579,0.0169631947,0.0424079867,0.0169631947,2.5,0.0109225738,0.023734132,2.1729431556,0.85,0.85,0.1324480705,0.2762391606,197.1,100,12.6616841823,3.5583260365,0.705304938,0.269195062,0.45,1.8,10,PASS
high-10-3,high,10,3,100000,0.9745,0.9745,0.9748503333,0.005,0.0003503333,0.4879415023,0.7028485813,0.1182238458,0.1751829086,0.0176512242,0.0441280604,0.0176512242,2.5,0.0138595429,0.0310153447,2.2378331558,0.85,0.85,0.137083753,0.2842585411,196,100,9.1788383973,3.0296597824,0.6974900517,0.2770099483,0.45,1.8,10,PASS
